id,daily_screen_time_hours,social_media_hours,gaming_hours,work_study_hours,sleep_hours,app_opens_per_day,notifications_per_day,gender,stress_level,academic_work_impact,target
0,7.243561663863074,1.1107975730317179,1.5702341024154358,6.72702994208898,7.431975269701557,60,223,Other,High,Severe,1
1,15.310000289738827,3.251405684270149,1.481872794431999,7.966813971913723,8.832593975799918,80,169,Male,High,None,0
2,12.247915185359671,5.23767501525845,,2.50467898792499,8.560965578740955,57,122,Female,Medium,Moderate,0
3,10.381218778758512,4.393349318457367,1.4972771990970366,6.248740996069989,4.923399428162642,28,43,Other,Low,None,1
4,4.1842609661941115,4.839366887168699,1.631698356771786,5.717459831437487,4.895496818448843,15,231,Other,Low,Severe,0
5,4.183923284706837,3.952700200264304,4.556389574507782,8.32830376788271,5.60904620646948,93,84,Other,Low,Severe,0
6,2.8131705703547922,4.153659387107115,2.6984390547032397,9.060870604812605,6.166448358046223,164,228,Other,Low,None,1
7,14.126466040849092,5.0951739093919155,4.6602633417310875,0.12156771477386807,6.450733488450895,62,270,Male,High,Moderate,0
8,10.415610164404923,1.4980080531551156,0.39219694538631145,6.740199190587926,8.078183301000072,116,136,Female,Medium,Moderate,0
9,11.913016089144637,2.936549781858843,2.9254271620403056,0.5183579911972902,4.340082592995012,110,135,Other,Medium,Severe,0
10,2.2881829201412343,1.3272566509176134,0.2016816010996958,5.488586650773559,4.208036225356398,57,256,Other,Medium,Moderate,1
11,15.57873793026792,5.926008047979882,,,6.351463377663454,144,124,Female,High,Severe,1
12,13.654196971205904,5.66435603811968,5.438624720066466,3.067765995221412,8.182982152827883,196,278,Male,Medium,Moderate,1
13,4.972747549495866,,0.835472226705571,3.5295850345235658,5.160612057738895,78,65,Other,High,Severe,1
14,4.545549540899408,4.233451035094131,3.1945240936513026,6.212924490496102,7.84902688753751,20,235,Male,Medium,Low,1
15,4.567663137948074,5.5514899044939945,2.466573615604239,3.340499656687692,5.558968827641797,152,43,Male,Low,Moderate,1
16,6.259391401433528,1.0834520707640012,2.0840599575530563,7.326990505902804,9.316516652881099,140,54,Male,High,Moderate,1
17,9.346590042851329,3.407671383315777,5.399000074123634,4.045273855738697,9.3741396655997,131,43,Male,Medium,Moderate,1
18,8.047230260989622,5.492929785528251,0.130940380652937,0.6835320030995862,5.783723225687959,78,47,Other,Low,None,0
19,6.077207962772587,0.20367587151479305,,7.837598424841072,5.379962523779443,32,35,Other,Low,Moderate,0
20,10.565940526113312,4.1845216034810395,5.780366605281302,2.85758324592706,6.467823832397388,190,78,Male,Low,None,0
21,3.9529140491285855,1.7840940442353046,3.3610091007710516,4.3276687959926265,5.4431895110808926,46,262,Male,High,None,0
22,6.090025079493055,5.546377172259183,5.6209347721985505,6.8544388322190155,8.034303059750222,18,226,Female,High,Severe,1
23,7.129065806111684,5.826349470992207,0.3135472757161426,3.32456157148712,8.956388107289714,24,290,Female,Medium,None,0
24,8.384979779038503,5.665598934680603,2.5127599144449686,0.5658565614671562,8.038552785467303,140,268,Female,Low,None,0
25,12.99246345950219,2.8452852999447824,1.560946745772307,3.739210470128136,8.946102683496097,102,286,Other,Medium,Low,0
26,4.7954329502170365,5.172255905935881,4.384925789884379,9.444485826943033,6.381952973244845,26,212,Female,Medium,Moderate,0
27,9.199282137790561,,5.88778254298348,6.417343972985582,4.937901824253165,163,237,Other,Low,None,0
28,10.293803964068594,1.9146028394595338,,6.71479148667207,8.427705684385554,158,134,Other,Medium,Moderate,1
29,2.650305778079968,4.973492844904064,3.925047608844447,6.322821536376399,6.162847030849323,81,87,Other,High,None,1
30,10.505627926620138,0.22204580829295573,1.1885857965584408,1.989921389594368,8.027624951374795,158,94,Other,Medium,Severe,0
31,4.387337731622082,3.5776192708923182,3.3919815274296594,4.183338641022801,5.623863651890594,130,122,Female,Low,Low,0
32,2.9107223017939132,1.3800530237262183,2.7835949201300174,7.509397983633183,4.487377808840036,20,197,Male,High,None,0
33,15.284397521546666,0.7234013146636729,,1.0137289755315915,9.95549077292658,175,234,Male,High,Moderate,0
34,15.518848463043831,0.46171920977525494,3.6511636361787994,,4.937209047583596,81,58,Male,Medium,Severe,1
35,13.317562873630456,4.177732655268839,2.0970382325209127,2.763191084658536,9.930525963780887,115,278,Female,Medium,Moderate,0
36,6.26459276842719,2.0392497826083966,0.6845747093276002,4.32018927594506,9.863679595398683,134,223,Male,High,Severe,1
37,3.367409596089374,4.3486006291725685,0.9074809724096073,9.803687409421851,8.762908623448238,44,26,Female,Medium,Low,0
38,11.579262371170197,0.3921380447936542,1.3519015797074105,0.6750254668382194,7.956537772491986,128,68,Female,Low,Severe,1
39,8.162134912354418,1.891742026983662,1.505799968041788,5.1870099438059505,7.466842301506508,23,45,Female,Medium,Moderate,1
40,3.7085352878269036,3.2369477542520233,5.103696347046827,1.7936468201221045,9.196609272267008,23,180,Male,Medium,Moderate,1
41,8.932476741557782,4.744338989033781,3.3673367296951495,,5.736637129716928,19,195,Male,High,None,0
42,2.4814392956130575,1.9125150175924195,3.1403454682461986,1.133035047274642,6.806087274909262,149,98,Male,Medium,Severe,0
43,14.73048562910295,3.7553482586220546,0.6886132312153048,4.036010023615912,7.716339816199012,47,21,Other,Medium,Moderate,1
44,5.622919742400237,5.315866489417123,5.16083816009661,7.378849848346062,6.467142855216947,117,151,Female,Medium,None,0
45,11.275311980955747,3.6951791290938276,4.336885819250902,7.045544280274453,6.564918724541608,128,295,Other,Low,Low,0
46,6.363955065251753,1.3977568485218026,0.4060101714000095,4.227286368939323,5.981708005012506,43,136,Female,Medium,Moderate,1
47,9.280952296489351,0.14640468933922812,4.2470105833786125,3.4652416795271823,7.385390900107216,178,183,Male,Low,None,0
48,9.653943910805914,5.220593243405579,3.2612293040558766,3.9761237855287055,9.103447168090696,19,47,Female,Low,Moderate,1
49,4.587962377357378,0.12761646510232283,0.49035207448066953,2.642762631586393,5.209170268037877,131,20,Female,Low,Severe,0
50,15.57418478870382,5.248210036105196,2.749803849171939,2.053329387067998,9.606598232520648,154,207,Other,Low,None,0
51,12.851859527055604,3.173622804163272,2.908177722780282,4.8303969755889,8.134525922489377,154,75,Female,High,Severe,1
52,15.152985181898648,5.634406191077377,0.9946472409796545,2.685337560676073,8.93963927608018,199,54,Male,Low,Low,1
53,14.527582905987083,4.792699414641993,5.674188882001694,2.874616648972501,7.33714415578007,124,131,Female,Medium,Severe,1
54,10.370599703355191,,5.099852228883972,6.56756063474557,8.677100208544381,10,55,Female,Low,None,1
55,14.906239290323636,2.104270892710261,4.01413402397465,9.685373316998922,4.0972023840368035,21,236,Female,Medium,Moderate,0
56,3.2388950287268727,4.603129733586761,2.773773366003643,6.036372005593751,8.91028254867721,112,99,Other,Low,None,0
57,4.743760073868033,2.411585481655453,2.470593249507051,,4.240833154512199,13,102,Female,High,Severe,0
58,2.633182044747533,2.879253721823453,3.905840802905725,0.7558361385406698,9.339480258177176,179,84,Female,Low,Severe,1
59,6.554624630685701,3.7650327793102205,3.272591216441433,9.51423220845566,9.95177648343186,150,147,Other,Low,Moderate,0
60,7.441482055652748,5.242062685118032,0.3736386352913137,2.9729079030733363,5.764404773060667,107,41,Other,High,Low,0
61,5.798886444834543,5.904500815195771,3.07501589262199,0.9206698608247543,5.261911337714762,115,235,Other,Low,None,0
62,13.60232512812701,4.609640483187109,4.838421703397037,5.990445871503816,8.592180183148244,94,126,Other,Medium,Moderate,1
63,6.99454657371025,2.5066006930040023,2.7554392655817486,6.236487782902661,5.51815804552152,130,128,Male,Low,Moderate,1
64,5.933083135623331,2.5281420136624213,0.3117394653256105,6.485048201186881,9.19337429903322,141,200,Male,Low,Moderate,0
65,9.597745164215478,4.425493809533349,,2.674020278575413,4.61705555294486,91,183,Female,Low,None,0
66,3.972939149646677,1.432662874609814,1.2081826928158463,0.15110684214475034,4.755731178276149,28,87,Male,High,None,1
67,13.230757730556554,0.662844678788368,1.5517250093282327,9.650153694544718,9.874909330603693,139,199,Female,Low,None,1
68,3.0437090115167917,2.1277329458446594,0.9882381205937754,2.508930456911025,8.043033389620028,21,200,Male,Low,Low,1
69,15.816417112407242,1.7234339499244904,1.9812903892289853,6.760262880525475,9.081323346573717,90,188,Other,Medium,Moderate,1
70,12.811426770153204,1.7778487227359405,4.54050903413181,7.0662986987870955,5.945976264109108,83,41,Other,Low,Severe,0
71,4.782019541478414,1.4016465062994596,3.116315157023624,6.100074170794857,8.058902497123626,107,85,Male,Low,Severe,1
72,2.0773096397304336,0.2525591378181713,,3.129073942136482,7.565450963851584,15,40,Male,Low,Moderate,0
73,13.416459998367678,,5.266980468912245,2.7109625376406576,7.618900720737682,145,119,Female,Low,Severe,1
74,11.89600281386664,5.926334338416189,5.277491129709175,5.976682827027031,8.095194757226329,134,122,Female,Medium,Low,0
75,12.206100352573822,2.566638802415174,5.2234705502760415,8.660956336116914,7.452155038774592,60,66,Female,Medium,Low,0
76,12.79778485360324,2.3059598829580903,,9.467337289233956,6.574374215815996,20,58,Other,High,None,1
77,3.036625124277265,4.077883696158419,2.7074360650859286,1.0590580440375763,5.655536166283281,194,109,Other,Low,None,0
78,7.018520199619816,1.309523327190385,5.9099379368452505,1.5482861259771985,8.611487985479211,136,104,Other,High,None,0
79,3.622166833351816,5.699767103701352,4.632074857859942,9.447362587830796,5.357634580019117,149,292,Other,High,None,0
80,14.08344796225831,,0.1630045273533589,7.365352283347926,8.154125836926486,82,207,Female,Low,None,1
81,10.72617377558581,0.5364660138735571,0.3912275475629523,8.829938248297731,5.39999693589596,11,178,Other,Medium,Severe,1
82,6.632572347937089,,,,7.751981019726723,17,262,Other,Medium,Severe,1
83,2.8898169040043307,5.274709845372988,5.455321235169361,5.875858711094018,8.482469602774174,148,92,Other,Low,None,0
84,6.353752504019271,5.668392133748462,3.2322107877162853,,5.312283333439235,133,68,Other,Low,Low,0
85,6.552566508374459,2.8044090674992184,2.986875048205741,6.801118854469727,4.3596598051678495,62,120,Male,Medium,Severe,0
86,12.214486496732897,3.680468335264246,0.6328421997397835,4.081516908666981,4.785842457965044,19,21,Female,Low,Low,0
87,10.925804598972984,,3.9406806283457643,,7.635981803626153,121,263,Female,Low,Low,1
88,14.420978396068572,5.947011756821859,4.932618963601353,5.829260568042631,9.096678437354413,17,195,Other,Low,Moderate,0
89,8.61100895226729,1.3900302083006604,2.282520045045374,2.5310153917960876,4.269980927412546,45,257,Male,Medium,Moderate,0
90,3.674319443136224,5.656390644810754,4.653671105551965,4.502542461428903,8.404907554249878,115,78,Female,High,None,0
91,11.98542702112193,3.8978798939542108,5.78685992340487,9.575810150838173,6.047911875700313,23,118,Female,High,Low,1
92,12.650990680636564,3.6464207692731545,1.2225987547661346,3.990353176424347,6.871170219517135,191,21,Other,Low,Severe,0
93,9.857880765972947,3.0761310660990517,3.1399777871684478,8.398016066644267,9.573157299073394,95,262,Other,Medium,Moderate,1
94,12.793540519363853,1.3840188703065521,1.7228277485074532,1.8854060574925113,5.991829028415073,158,230,Female,Low,Moderate,1
95,8.91313834910147,,4.757126514203036,6.724604980250288,6.7920216036369165,59,142,Female,Medium,Low,0
96,9.318259611347916,,3.465560195286945,9.770069544389434,4.082094488564087,176,248,Male,Low,Moderate,0
97,7.985574257019695,,3.8074945053018228,1.018931008729368,4.48959232002903,29,101,Female,Medium,Moderate,0
98,2.355867774417333,4.67750684140052,4.787484957695364,0.08319942227192012,5.551549546808705,96,163,Female,Medium,Severe,0
99,3.5104799779062623,2.1007515550003806,2.3758228359747293,4.335827926326143,4.167113444926446,144,159,Other,High,Low,1
100,2.4400085996142797,0.3470560593803782,5.490540410442259,0.926254830513672,7.788251956289506,146,48,Female,Low,Moderate,1
101,10.909745757692926,5.814615780844868,3.1981732034768395,7.483843496762313,6.558390140809735,138,289,Other,High,Low,1
102,6.400983735068573,5.302715309780554,,,7.288871216368133,163,266,Female,High,Moderate,1
103,9.119989676305838,5.566513699171278,4.1753947090128145,4.340209727087588,5.047883115377977,175,31,Female,Medium,Severe,1
104,14.705930634965302,5.9694469358786115,4.759568102629526,2.5871164215544096,5.775592176619696,47,125,Female,Low,Low,1
105,5.490091208084249,1.0433714953169237,1.90057006240516,4.344033190066098,7.982946849116351,198,51,Male,Medium,Moderate,1
106,7.745360922498817,2.3774521134159525,5.143075541992518,7.2344781785000105,9.791816341782399,53,93,Other,Medium,Severe,1
107,12.577715939602681,4.549430854224548,5.436859528594598,0.09054161580370979,4.302500641613255,95,190,Male,Medium,Moderate,1
108,5.2031743168827145,4.176123708322754,1.6614269242668536,,9.342305925131598,53,88,Female,Low,Low,1
109,3.077718737603102,0.9233754380391304,5.901128836291332,6.132916848873791,7.461287207867251,83,156,Male,Low,Moderate,0
110,6.056520340792752,4.894998749943706,0.8442691682925505,6.376882468959355,7.3835174005337425,128,119,Other,Medium,Low,0
111,4.257098021556062,1.346643431019964,1.2120940104149398,2.420220799808772,7.0016712112465616,199,165,Female,Low,Low,0
112,15.015767132796023,1.3429056889357385,1.1053490354281568,7.140527233781268,4.416364515425101,131,28,Male,Medium,Moderate,1
113,13.313685313901837,3.2218465373604817,5.363938260047222,0.9139148633177641,4.539261110416964,143,81,Male,Low,Severe,0
114,10.867652591145928,3.557639609050219,3.925755313949771,1.9927033646680081,7.605472033954516,154,204,Other,Low,None,1
115,14.200448262628047,3.4805172470268673,0.9126256993336372,8.77470046654482,6.04575142861335,60,48,Male,High,Severe,1
116,13.251409076587603,0.5489210243865292,2.6419405102100937,7.387231507265664,9.503608399466085,47,133,Other,Medium,Severe,0
117,4.611980824404502,5.264765175782282,3.6917881504188124,0.1374555401134525,6.439543224156834,161,162,Female,High,Moderate,1
118,14.495825978859688,1.5936002555322364,0.5007845099362997,2.4837626036980023,4.859688752215846,60,139,Female,High,Severe,0
119,9.55079138681911,0.777089527696825,5.294498210444033,2.1440648299316454,8.288313001012217,19,189,Male,Medium,Severe,1
120,13.304162172296875,5.332488479213863,4.821621212649211,,5.760120528646059,129,176,Female,Medium,None,1
121,14.545278198928905,5.73390898937852,,2.475597702798864,7.152821844135359,158,279,Female,Low,Severe,0
122,6.452048649606095,5.172765703592704,5.802759691555023,0.6252629574284574,8.18699671303102,79,101,Male,Medium,None,0
123,3.5407269433874746,,2.5065658756505984,,9.401584667212422,94,261,Female,High,Moderate,0
124,5.191092275587184,3.9314518838341304,5.904661914218987,7.327334747861651,8.753147168810056,66,191,Male,High,None,0
125,7.979509040767589,,4.007519992821763,6.067317247174364,8.058166407236344,135,250,Other,Medium,Low,0
126,13.452206722914903,0.5219205594684608,3.8080276395236488,,8.077799094370862,48,227,Other,High,Low,0
127,14.050228165588809,2.4507192784241925,,0.8114917853623915,9.67554786419252,42,94,Other,Low,None,1
128,2.0973298274366696,2.236131102073884,5.291566549827864,9.514907101767871,5.774944584979217,196,289,Male,High,Low,1
129,9.15046223608592,,2.564938127523691,8.384918338430248,4.006672565177125,27,133,Male,Low,Moderate,1
130,7.843754044082906,4.34052068213151,0.9734004346948761,8.050903184956628,5.631727356389192,193,81,Female,High,Low,1
131,5.109509346590223,2.975254410472625,0.07564511985455424,8.229838050417674,5.307348277760464,66,121,Female,Low,None,0
132,3.678115142671559,0.4862772954458876,3.3585341018302954,9.327105081327613,7.9710075106839895,105,229,Female,Low,Moderate,1
133,6.726612399650792,,3.1643977327360577,5.442539661136977,7.802269598593174,57,274,Female,Medium,Low,1
134,15.200735854775267,4.0995525819575755,4.316121734214951,,7.560768296228343,51,39,Female,Low,Moderate,0
135,6.524841048290574,0.4567851569418011,5.341548318106813,6.167836078525411,4.097460659256722,36,77,Male,Medium,None,1
136,9.263068704407125,5.107241484292612,0.4764395078581771,7.42881493667939,8.372668326703884,83,131,Male,High,Low,0
137,11.84226542453249,2.970879162083846,4.388978942042174,7.379173933540254,5.941182474912949,119,215,Other,High,Moderate,0
138,7.090814433310116,2.883519463959888,1.1244716645854933,5.214490241668801,7.990335934039787,189,111,Other,High,Moderate,0
139,15.604949158093449,3.554446707957106,5.149062318942984,0.6845871933357806,7.33947057101292,179,71,Other,Low,Low,1
140,15.474262129189558,4.948085795550895,4.914381083169936,3.7111293843012785,6.056385552567443,41,27,Other,High,Moderate,0
141,5.524952141555098,2.0868552474131583,3.2447625299132663,9.207666084633573,4.8074576026246465,35,117,Male,High,Moderate,1
142,8.961479082493396,4.068096915354381,4.261456791739869,5.84448909757426,4.566513385962885,34,255,Male,Medium,None,1
143,6.2122963374347755,3.394391783974746,1.8861006791024904,,8.989109998673342,84,88,Male,Medium,None,1
144,5.987766921284546,1.602169621016528,2.8270073935968876,2.688535143821935,9.510385252489348,32,64,Female,High,None,0
145,2.516417262963459,5.271779918130948,,3.684489199165789,7.8987282805857975,66,156,Female,High,None,0
146,10.533900675718556,4.784556129641569,2.755591183039283,8.953460891531693,4.6206046891629,189,253,Other,Low,None,0
147,9.03750632520406,3.950711007950553,,6.664630475268357,6.412163301329445,135,51,Female,Low,None,1
148,2.720702517499851,5.103490374565451,2.965274683501799,7.873870267523328,8.373635200630943,96,145,Male,High,Low,1
149,5.90105049931256,5.203765205758814,4.96949551462331,4.543454230676551,8.678925304060408,40,86,Other,Medium,None,0
150,14.715722403533151,4.250177860290209,2.0112482842252364,6.302472194561579,4.709311733746532,73,49,Other,High,Moderate,1
151,5.353866469337614,5.022079970182032,1.0425695588144628,2.483836087432075,4.000184313072294,42,133,Female,Low,Low,0
152,4.028528209277123,4.184828770015702,,7.054608302834863,8.27282227528363,11,223,Other,Medium,Moderate,0
153,8.852338643885883,4.080844630561803,4.955869276248491,4.276013337033373,6.139577055917234,27,48,Female,Medium,None,1
154,15.79910635754841,3.711668269291106,0.6038248711412,4.4254551481474556,5.526887989709562,184,150,Female,Low,None,1
155,5.388773801161006,4.516299837345848,1.4392446765356683,6.493223245768816,4.077384818737153,170,204,Other,High,Moderate,0
156,11.4098976636823,0.9516306317584422,0.8518319385659634,9.362806214689266,7.241796440568998,93,272,Female,High,Moderate,1
157,12.662674614602047,5.285224555193571,2.0876484694929998,,9.10690441255589,44,81,Female,High,Moderate,0
158,5.326925615893595,,2.702105873432476,8.247432373470076,9.745789877635527,188,22,Female,Low,Severe,0
159,12.195028880566035,0.17548369820735488,4.492958021779839,2.9238311041219314,7.394469703679736,123,87,Female,Medium,Severe,1
160,7.148963858069545,,3.9068855092900447,4.439194545063778,7.086767966439365,155,44,Other,Low,Severe,0
161,10.852281628310113,0.7732192048406712,3.7255714048705872,0.21913328775008956,4.510338312935446,119,198,Male,High,Severe,1
162,10.869415950652526,2.0107131255548514,2.1142496796579264,3.0104607783431305,7.293236809255599,97,160,Male,Low,Low,0
163,9.500845577046618,4.461049537749647,5.04868531850856,5.026312426301304,6.2798744737923675,81,250,Female,Medium,None,1
164,3.2640567807617162,0.9645593762898492,2.8277230043889876,0.5617607734743901,7.642811685301462,134,182,Female,Low,Moderate,1
165,13.694234938249332,4.907802144714373,5.874629628090927,4.910957293831651,6.33235808725928,39,149,Female,High,None,0
166,6.490920909604302,4.992805067746452,3.804852829774421,9.271106288584273,5.441794740702201,181,265,Male,Medium,Moderate,1
167,4.611259145597959,3.0448064025650172,0.7575884493870164,1.0539321810780522,4.5697916513702594,62,191,Female,Low,None,1
168,2.570851981766695,0.03831523030100148,4.057065372452604,,5.889510667533374,147,83,Other,Low,Low,0
169,10.272501204635386,1.7222287990494767,1.9506240925901939,,4.579869005726514,96,50,Other,Medium,Severe,1
170,11.485901065791953,3.7015615102544532,4.117963180116584,6.55173714524338,5.061381704943903,189,66,Other,Medium,None,0
171,2.2322296049899863,5.887117068164541,,2.6023659798522933,9.924016951477276,186,149,Male,High,Moderate,1
172,9.169302816189933,3.7908811621000105,1.0492886230557563,1.5949226254135829,6.6646213414397115,148,129,Female,Medium,None,0
173,5.170940852771132,1.5588214863849588,5.1344235534347185,1.6046261427122643,7.191230599030099,195,88,Female,High,Low,0
174,11.032419065732299,3.804034218597668,1.3630773421410893,,9.241711172423292,173,77,Female,Low,Low,0
175,4.44113000606988,3.239912278295133,,1.8564670490124302,9.973413402944127,170,125,Male,High,None,0
176,11.673128333434523,4.679072370906861,1.6756565307264626,6.642193849889683,7.496286696068089,184,275,Male,Low,Severe,1
177,7.414294848207524,0.6418838329617504,3.857291460352246,8.81690611843508,8.87484292626503,22,190,Male,Medium,Moderate,0
178,15.114219842314283,4.566167415012168,4.164903441058986,8.141256855911617,5.961646146020051,49,181,Male,Low,Low,1
179,3.9252932180439055,3.2475994720566614,3.0759285188703176,6.851343098744841,5.834463744683747,98,90,Other,Medium,Low,0
180,6.774928914703619,5.777952023153968,1.8318640601803877,1.1043186341110267,6.416222325967361,77,274,Male,Low,None,1
181,3.588629297368247,2.0512329962321165,1.2758662582265767,2.8918744629594983,8.035043576041895,51,74,Male,Low,Low,0
182,14.945710655899878,,0.19913612737455733,3.0980687532246898,8.093150135530593,156,22,Male,Low,Low,1
183,14.282750947333735,5.592168633060105,1.8236784074443428,2.4995694639762123,5.891436607896705,103,45,Female,Low,Moderate,1
184,5.6111827880121785,0.6150583679440755,3.918976743187698,5.150056597097231,4.799259544819773,28,145,Female,High,Severe,0
185,11.239776644478507,5.623370923418706,5.629828910690896,5.355538148796725,7.794377538793052,195,72,Female,Low,Moderate,0
186,13.441110802817022,4.12731433380488,5.227226893578312,3.568859751711102,4.769955173132587,32,217,Other,High,Severe,0
187,9.772811362392472,0.4070223546310314,,3.53789158736436,7.470955049375981,63,207,Other,Medium,Moderate,1
188,9.415108096984092,1.8057814016808975,4.730684059519792,8.285555979060813,8.160532768337854,74,205,Male,Medium,None,1
189,5.385932072606323,4.2490325318716895,3.9899094208559713,7.892928483196856,8.20366897836671,149,223,Female,High,Low,1
190,3.3034387492825887,0.4041036088126302,1.561721145396018,3.0779583168074565,8.52083266395758,33,30,Other,Medium,Severe,1
191,14.561020611346574,3.49302276105764,5.44317018423498,9.137884438732593,9.237156529393987,43,165,Female,Medium,None,0
192,14.605852800286627,2.0752983417177404,4.024393871435004,9.52815017002506,6.999753951788731,62,104,Other,Low,Low,0
193,10.863420401825751,3.725493106604863,3.3626437858826397,3.267425420300408,8.381495137177428,145,119,Other,Low,Low,0
194,6.746417074681809,,0.6659368152808864,3.5442494879305486,7.715036412195021,27,123,Male,Low,Low,0
195,6.888934044577253,5.229220836914258,2.6823332628385526,5.056341534219588,5.119839638786095,66,65,Male,High,Moderate,1
196,12.163379504183352,5.840933815064382,2.7621496272115578,,4.154137869216449,121,63,Other,High,None,1
197,14.559543639336079,5.813267131714149,5.18738165713602,8.763194331423115,5.707248314061602,14,297,Male,Medium,None,0
198,14.419209939711642,4.497910990457548,3.279889321126731,1.025679625835898,6.658202238025717,163,200,Other,Low,Low,1
199,12.918257642006735,0.7805174407837918,2.282403293822458,,7.702635666571938,167,206,Other,High,Severe,0
200,10.988443046160029,4.549579175574135,5.860801971063956,5.533711897497718,9.099755983019232,191,133,Female,High,None,1
201,3.177959509930684,0.14752149875280907,0.664323559957894,5.0313247255154,5.177474300236994,22,274,Male,Low,Moderate,1
202,4.262801997324592,0.13274130917398352,2.535290569871668,1.9386306793689267,4.753298739390862,92,49,Male,High,Severe,1
203,14.57975863937911,1.9416613148972475,0.25214805102843174,8.588167711681546,9.780879684845965,38,283,Male,Low,Severe,1
204,10.49000683523426,2.9318591424279945,4.439424724601582,6.769407829968373,4.648267356258443,12,117,Female,Medium,Severe,1
205,2.1287587226328153,4.622444506846759,5.508459313194904,8.379083748518037,6.8709464206431345,99,134,Female,Medium,Severe,1
206,3.4206016001244492,4.099772259639031,1.6802239773029366,8.587642793494721,7.5133823727598115,113,295,Female,Medium,None,0
207,11.289024767512782,2.67541623826049,5.150050060794725,7.483558536657398,7.24824652544463,132,294,Male,Low,Low,1
208,2.0708621738470616,1.6417599976899953,1.7533093827713866,4.392106012497173,4.516192942197659,195,280,Male,High,Severe,0
209,4.251312719844981,5.982747000946267,5.464620969863491,6.105467550154246,4.342161484021716,85,226,Male,Medium,Moderate,0
210,9.682273051132206,2.557087813415838,4.523771421580704,1.6036540611974315,4.632900564766214,139,230,Female,Medium,Moderate,0
211,11.686532767697706,2.7083221459780527,4.829440661048632,6.736454174749077,7.513526103235675,117,234,Female,Medium,Low,0
212,11.127457633036407,0.9817429271500151,0.108039333602727,1.7925325573928075,7.266069325805926,165,59,Other,High,None,0
213,5.139770332447837,4.768857292499576,,6.939495905101568,5.4024447522204655,91,45,Female,High,Low,0
214,11.970509098865502,4.162093354688932,,2.2959816075396864,7.826644851073549,86,46,Other,Low,Severe,1
215,5.3214872249552005,1.3246176767325624,1.8285065723168,1.1755130015021997,8.920405012333896,11,209,Male,Medium,None,1
216,6.555595774229748,0.4942862736950562,4.976367989153082,1.6528449014295743,4.249473759079563,136,102,Female,High,None,1
217,12.450879671652338,4.082995812448279,1.6891271904895797,,6.9887796612882545,144,189,Male,Low,Severe,0
218,11.094860586661005,3.927067285686811,5.2365230373967675,7.187396178535303,8.135862472616141,35,186,Male,Medium,Moderate,0
219,13.889127746918492,1.639557161989256,0.6754823424716221,7.324010490583791,5.513871562418123,97,207,Male,High,Severe,0
220,11.206580492204807,5.705181373502462,,5.149333499132594,5.846625431758895,25,188,Male,High,Low,1
221,9.956320446696603,0.9063473506854014,3.244190859869462,1.613628010553837,7.681827417936303,160,248,Female,Low,Severe,1
222,3.3114467495932947,2.5940088062556113,0.5792068211726449,0.8355433751068975,9.387611760662422,177,116,Male,Medium,Moderate,1
223,7.148021242832069,5.661695521005593,1.451362969553034,0.1912896643728701,8.859546521817396,197,35,Other,Medium,Severe,0
224,5.712833147544156,2.518363901556734,0.07442421766388874,,7.498781314597501,82,298,Female,High,Low,0
225,5.4158550073071705,3.8311556859845135,2.812607792787035,8.908555349831467,8.381330306543495,41,154,Male,Medium,Low,0
226,15.622147766534239,2.3855663877767657,1.8075915645600023,2.4153684170168175,6.188934821246792,24,45,Female,Low,Moderate,1
227,7.503368145334646,1.6452912140920202,3.590144905786553,3.542713272172157,7.845793168592547,150,31,Other,High,Low,0
228,14.488651772479585,5.903865887758969,,1.0534548448133318,6.797089546765342,14,91,Male,High,Low,0
229,10.83594076396168,2.456004037890258,1.7995146690419082,2.223613047481703,5.139616818745365,83,152,Other,Low,Severe,0
230,13.127358249583079,5.364595222074806,4.45915919238962,5.192245707802051,8.210429643263543,61,125,Male,High,None,0
231,9.03691930347269,1.379727635346517,0.2888570158701207,6.077526830956526,7.3387878240929325,86,239,Other,Medium,Low,1
232,10.076654384769027,1.2786282241504998,5.417369971151923,2.4535231416621106,6.151729491721548,178,196,Male,Medium,Low,1
233,8.895247713464094,0.18680449730706816,5.113583246347089,,9.468035140471784,190,152,Female,High,Moderate,0
234,4.733401829172623,3.9100009522553103,4.006828099358439,3.9103286912739863,4.1256047069604,119,41,Male,Low,Moderate,0
235,12.114329613661074,2.211158062342567,3.559329420644306,,5.894638907496976,187,288,Female,Low,Severe,1
236,5.930813074171981,5.186149499037822,5.353814988837914,2.195539232298019,4.341288386665879,152,180,Male,Medium,Severe,1
237,2.3404235300403538,2.839259440149343,1.1119810771722867,9.598628027134552,8.599163897329763,115,126,Male,Low,Low,0
238,11.03661214270035,5.80916056748833,0.4738149731449717,6.16300485925724,8.212644724682756,136,298,Other,High,None,1
239,4.479549511698686,1.1131530942187269,1.4370610194572286,5.5687844317209585,5.9881133124179025,16,254,Other,High,None,1
240,15.1664201809408,5.211739007733665,4.767469672201141,4.157751035233219,8.053977413242439,49,37,Other,Medium,Severe,0
241,15.355000078036223,,0.20802160035889994,4.289443334301443,6.375623357175699,165,261,Male,Medium,Moderate,1
242,14.80810146308628,4.625531067864312,3.4968410105009378,5.4090500383808084,8.537522748534606,169,136,Male,Medium,Low,1
243,7.182221803576222,5.068699368701326,,6.964298070361073,6.725101976420237,108,163,Male,Low,Low,1
244,2.216392631404144,4.566143945657993,5.134176563025236,7.021460961818295,6.4736783669899935,152,224,Female,High,None,1
245,14.996459876228155,3.7573219297884926,3.1286741342615367,1.7169390770544957,9.608379492929807,94,58,Female,High,Severe,0
246,7.994578076442401,0.7874692660943254,0.38184545571985407,5.0011275207662695,5.505274599344201,74,173,Male,High,None,1
247,15.533167466611374,0.1951570769475115,4.988241086314259,4.119580950341019,4.722684039979392,141,195,Other,Medium,None,1
248,15.49067967924954,5.525087086894121,3.5938710490632633,8.705269662693842,7.507258679556749,20,260,Other,High,Severe,0
249,13.942132376543041,3.6999018871244282,0.689597982357401,6.314189212183764,9.815930873705074,117,153,Other,Low,Moderate,1
250,6.122284488974199,4.779223745857058,0.5631437089401372,5.325040664159818,6.2670352823631195,35,65,Male,Low,Low,0
251,7.391368200426953,2.8891341090753,5.457760916619554,1.1539464217891737,4.372220581772689,198,69,Other,High,Moderate,0
252,13.915913401235997,0.7038491337743669,4.015201577628471,6.056378893234115,6.035831603857405,174,185,Male,Medium,Severe,1
253,6.4369080721878875,0.7511147532153026,4.975720795900533,1.1720390568023342,7.035589925917351,160,125,Female,High,Severe,1
254,4.372898453605295,4.113391723373828,5.273873401693604,3.3720657556575206,4.971538039793282,94,235,Other,Low,Low,1
255,9.795217674416902,2.581835369396776,3.4306341122899333,1.4284196481433187,7.9486133083389525,177,165,Female,Low,Moderate,1
256,15.106166838250934,1.2031483602020203,3.104678110530248,6.920736470243689,9.986496334061204,160,91,Other,Low,Low,1
257,11.744417153449621,,2.582564461925941,2.062521138361526,6.710436855888663,132,292,Male,High,None,0
258,9.98085638125111,0.3852536224508045,,3.91859373188026,6.128371340381276,153,266,Male,Low,None,1
259,3.3604709127907597,3.4918284114863924,2.6075757651522706,,6.4042250010068,198,205,Male,Medium,None,0
260,10.610101173788376,1.613960426610586,4.643277934380938,2.043163833989703,4.690877070371207,77,89,Male,High,Moderate,1
261,15.860753901459686,4.785354603823129,3.6115405860907894,5.078050639587791,9.299641608557343,113,169,Other,High,None,0
262,3.9611762133113366,,5.3551397397290765,,6.488953933128112,89,265,Female,Low,Low,1
263,9.256615133092314,2.731320894490807,2.6602800862751264,0.18124041045729733,6.323646468549048,168,281,Male,Low,Moderate,1
264,14.283223006991376,0.06972323944860381,3.642537472312524,7.927581135728127,7.958141637582846,62,45,Other,Medium,Low,1
265,12.370760648558862,,3.7878453185519323,0.6904590631459973,6.652200525586741,115,159,Female,High,Severe,1
266,11.758220373933751,2.354961338440109,3.550182973837953,4.7425502097695365,7.889400812847076,162,118,Male,Low,Moderate,1
267,11.83477717581953,2.879633008302741,4.215802638513098,5.606782949389499,4.368677740784725,53,297,Female,Medium,Low,0
268,7.032876117076572,3.6001232887158223,1.4246008102488377,6.284264566145871,8.882340062333364,149,70,Male,Low,Low,1
269,6.1102858197029075,1.7499754722558194,3.074182665274744,6.886316293078756,9.643023717276415,99,170,Female,High,Moderate,1
270,13.33105617669919,,,2.532723835227151,7.892592316956316,110,123,Female,Low,Severe,1
271,13.34158752550853,5.160734383135227,2.3070679658688755,0.09978776658449373,9.727395573152865,106,108,Male,High,Moderate,0
272,14.139012460121451,4.679105933360098,2.9260024117275867,7.2344366235491195,4.90859388621978,18,160,Other,Low,None,1
273,14.785367735790597,0.23771295209014287,3.9133455572728346,,6.864497136882122,21,232,Female,High,None,0
274,9.158793584053129,2.8830416835469737,5.703186315517221,8.361177032072488,7.610840403672683,78,252,Male,Medium,Severe,1
275,9.021228125620794,0.6295810705090492,3.6039063992901355,8.213883629006943,7.49041988452712,191,202,Female,High,Low,0
276,13.176132505534852,1.4522700951751648,,8.433261677878832,6.408770674534259,191,270,Female,Medium,Low,1
277,11.099495030888711,5.919975559602879,3.0375963569712168,,6.028506456197569,37,28,Other,High,Low,1
278,11.827536281607847,0.8549732574090794,3.804624188257988,3.3362839583686563,4.760944135302513,65,98,Female,Medium,Moderate,0
279,13.141097372105415,2.9933289207081364,0.4255932968026406,7.9155820259137,6.35045470337367,108,71,Female,Low,Moderate,1
280,14.460074785445928,3.708934405908715,1.526349485051082,4.51294113029255,4.975964890632911,119,288,Male,High,Severe,0
281,6.731932195921502,4.214789823264624,2.171118559230832,1.834421964034345,8.40619405895331,86,245,Male,Low,None,1
282,7.258161336959216,3.3578921009214846,2.8349601300390814,8.549740195614744,5.25298561296754,112,70,Other,Medium,Low,1
283,3.315747157772166,,,8.825598767723474,4.351391831707203,115,205,Female,High,None,0
284,10.095921973946435,1.9587678494639513,0.8401445853199061,4.663097561401701,7.314196826903406,118,53,Female,High,Moderate,1
285,2.503191833154389,3.1062698603082683,1.6608858467478347,0.7569972730978747,7.57137839631641,121,249,Female,Low,Moderate,0
286,8.518372253854443,0.5271989948690001,5.8291961454063035,3.8782608991693124,9.231478367683033,67,150,Other,High,Moderate,0
287,9.597024885906073,,1.9880820426183046,8.035376594626033,7.461889674506091,87,139,Female,High,None,1
288,6.011577529795982,0.1992186527481994,2.8922463486724954,9.017740285462287,6.072885122340674,84,266,Male,Low,Severe,1
289,10.27166564796615,0.47147098293012446,,2.0347274249759586,8.818071289157924,51,211,Other,High,Severe,1
290,2.427003499146692,2.3815396572095766,3.6646804264546096,0.6697361202527152,7.241673359124526,175,229,Male,Low,Moderate,0
291,2.522874642489002,0.7962945242583621,1.6840992930958458,8.773504531328387,4.4756817077871505,77,122,Male,Low,Low,0
292,13.516407849235215,3.405245089569349,1.2419554706305607,3.894049389788753,7.39510336187948,190,152,Other,Low,None,1
293,7.04266897975768,4.136789814823595,3.0994357706758744,5.417609642675632,9.448111272529975,42,158,Male,Low,Moderate,0
294,3.778847177126387,4.803520194654498,0.03303479496252493,9.680658120507589,6.377875752989324,80,140,Female,Low,None,0
295,9.311405640767262,1.2009014654688606,0.045984195895351965,0.6656472791422285,5.7779548113988,65,113,Other,Medium,None,0
296,12.779909743380552,1.0048954935544185,1.3144128546111467,6.483180074520956,4.8608167421081205,114,148,Male,Medium,Severe,0
297,5.021494384955805,0.6274070420064015,0.22032817500492685,0.7410542257486707,4.908673131612144,110,110,Female,Low,Moderate,1
298,10.720466661466004,3.81858149726182,0.6481545247841483,3.7546892846650035,6.596628906050913,60,111,Female,Medium,Severe,1
299,3.194864509912752,4.238854358921407,2.0331638960325096,8.038145451934467,7.574078944969177,83,82,Male,Medium,Moderate,1
300,2.7235440963605075,,4.815514077478877,4.334722327556344,4.4836924310176105,180,48,Female,High,None,0
301,9.438964841954071,5.617273477462139,3.432291860215805,9.971823539029504,9.637411534150994,130,229,Other,Low,Severe,0
302,9.568891702541492,0.31182770190883446,3.0760063557384987,,8.530801704671175,152,31,Male,Medium,None,0
303,10.924018620974891,3.247778011806423,1.7609329392487298,3.2116215263595347,7.519743509701976,175,149,Female,High,Moderate,0
304,12.165278672117262,4.254363116705498,,2.2011132590475313,8.970632025633945,152,192,Female,High,Low,1
305,15.661929112475484,5.225814742476514,2.3820902474231502,3.5052053428616183,4.48112054087268,14,227,Male,Low,Severe,0
306,9.228204876216735,4.284521592794567,0.522556600774629,3.725332737595508,6.8610332663987466,92,43,Male,Low,Severe,0
307,6.521390621177444,4.810368498418751,3.7023990967068077,0.6871367772396098,7.7805587611699805,191,118,Male,High,None,1
308,13.132606726761852,2.0367011552568366,0.6830303608596084,3.6957419942677316,8.971917436709735,60,158,Male,Low,None,1
309,5.791651517669039,4.888950682479074,2.0713388568101525,4.642385197392249,8.700817360295606,19,193,Other,Low,Low,1
310,8.145599889878905,0.48068907830805085,3.0444716323068532,7.227377522388046,5.662415498280398,149,48,Male,High,Severe,0
311,3.0983893387917236,,5.245335148111055,6.56729484721608,9.645281017355225,13,162,Other,High,Moderate,0
312,2.354910407816405,3.2855542569224174,2.961279482040712,7.087656552291542,4.746075048585222,104,61,Other,Low,Moderate,0
313,15.47707780549095,4.903786619774962,4.213552596189985,0.08363681876857099,9.250801711726913,155,227,Male,Medium,Severe,0
314,13.703721687170882,,5.956901033994422,2.1766739958053605,9.82564149762771,89,211,Other,Low,Severe,0
315,11.743638885311771,3.86146617117915,0.7889347193878897,6.616842883998565,5.062921139335753,45,179,Male,Medium,Severe,0
316,7.725341221799779,3.1584159656166793,1.648389153117117,4.839893681797472,8.332396385222712,34,83,Male,High,Low,1
317,4.426120480991841,4.389537130531991,2.3674564535858784,0.05313475668345946,4.241713112667991,107,262,Female,Medium,Moderate,0
318,4.190118597395204,0.48977989218353746,2.530969071232988,8.044946424318223,6.43253695083493,173,277,Male,High,Moderate,1
319,5.503400574304335,0.3621125039433828,2.466126451593275,7.728095732903374,7.097699795186044,110,171,Female,Low,None,1
320,9.689173305885687,1.4826194040608787,5.445666015339329,5.484191629935626,7.483871355457804,18,234,Other,Low,None,1
321,12.004342917800873,0.95726808067913,4.284195866801139,0.6646332577627212,9.615623489491357,70,185,Female,High,Severe,0
322,11.242763274048238,5.23070139955321,3.6474312845442225,7.665150495325847,8.033504123765168,62,50,Other,High,None,0
323,5.919074557243199,1.315283924148266,1.8562363071766925,5.8371358773136395,6.887667707315422,155,251,Male,High,Low,1
324,15.368113929284718,5.855191534914788,4.942742305327768,7.8195997715795915,8.858050217595336,180,48,Other,Low,Moderate,0
325,12.33055683374076,2.021374750626641,5.730363068909933,7.517469923958404,9.703196925726454,172,214,Other,Low,Moderate,0
326,9.76095673515961,1.0927074941321957,4.927189695301359,8.03002071957837,4.132396892093745,72,275,Male,Medium,None,1
327,10.56409044728093,4.738191042854875,0.009390631148837425,5.1800806640462485,9.895127633536232,130,106,Other,High,Severe,0
328,7.8744008739890585,3.9522466530052567,3.818408221100442,1.40324518193515,4.516792834382082,114,168,Male,Medium,None,0
329,5.468233853016205,2.989174298718834,0.30681228865260435,6.711574733796887,8.886320675612568,13,268,Female,Low,Severe,0
330,6.983617501117662,3.332181305625787,1.5456433220023311,6.204737850519706,5.682008515308475,102,217,Male,Medium,Low,0
331,12.609845546501168,4.315210669633583,0.3571482020866301,7.422531871990872,4.793077946523231,178,63,Male,Medium,Moderate,1
332,2.201508840816582,1.3707284479877924,3.6227727176963267,1.698810060507353,6.639133838283009,182,47,Other,Low,Low,1
333,3.625016967096827,5.978003496340452,,,7.863739476685681,187,36,Female,Low,Moderate,0
334,2.6440369883045385,5.848758972880699,,8.904095172193285,6.2857110701408505,37,146,Male,High,Low,0
335,2.570203232465582,3.9019541180816213,2.303033298269877,7.499777984520708,4.327392449696194,179,187,Female,Medium,None,0
336,13.9764481761541,1.1972547055748708,2.737419053733252,,7.5967668379523,89,263,Female,Low,Low,1
337,11.851210031320331,4.0813694545877475,2.2143181305654993,,9.414419656664048,85,95,Other,Low,Low,0
338,8.638433607222552,0.43319045387505506,0.7261500029111583,5.971553059903019,6.29929219568351,125,250,Male,Medium,None,0
339,3.3696782491140205,0.1839150132348364,,6.5413273702787365,5.297996665784963,78,223,Other,Low,Moderate,1
340,8.882622251635652,1.546097331067282,4.507068286850509,8.891279239400099,6.655464075596893,107,267,Male,High,Moderate,0
341,8.62860479092792,2.775737740435898,0.4260459871995328,5.7880675451194055,4.2901762662926854,10,233,Female,High,None,1
342,4.424826178740212,5.209635032450283,0.4810800844914207,6.323913243283874,8.922925506881649,176,234,Male,Medium,Low,0
343,8.073923089331622,4.363014418597848,2.1286277510159053,1.5647671600360058,8.95804486570112,105,177,Male,High,Low,1
344,7.579066281563228,4.456239127199886,5.65035426971355,,7.52800278057777,26,88,Female,Low,Low,0
345,10.621901372731031,,4.011435880337484,7.16397111958099,6.118617333630337,121,104,Female,Low,Severe,0
346,10.891311112147013,2.0756099552817773,4.072019740035389,2.709426983163654,8.7987001866747,100,286,Male,Low,Moderate,1
347,2.6342561368086232,2.2262325779076164,2.17151994502719,2.022541805245349,7.328122148730203,97,88,Other,Low,Low,1
348,7.244576604770597,5.925897382416347,3.5619647472512304,3.1382680822441555,8.955593851300097,172,118,Male,Medium,Moderate,1
349,10.76203881999931,0.2406551484748949,0.06078710416646027,2.4150062799283347,7.788752755498123,183,235,Female,High,Low,1
350,9.043907620121228,5.202188976734691,3.8165762784572532,2.1491263703639585,8.706432839276783,179,180,Other,High,None,1
351,13.990857776636512,3.4720524514343607,5.47972168545742,4.24850842868087,7.59137795930656,176,113,Female,Low,None,0
352,11.22171084266523,2.6316925151375425,3.675440810068915,9.07838513883534,6.484846409293997,99,193,Female,Medium,Moderate,1
353,4.281081979140016,4.351545962490819,5.24219156079807,5.070596467387183,9.747675159556826,58,184,Other,Low,Moderate,1
354,2.987962463606018,2.920013648548217,4.343838332796563,1.8792038081532303,7.246682949273069,199,134,Female,Low,None,1
355,10.99386989488842,5.240539428489964,0.7233504984221415,0.7697166938087407,7.63053711124323,47,239,Female,Medium,Severe,1
356,2.371158347582705,,,6.961561451379252,5.322925836488496,160,50,Female,Medium,None,0
357,10.200858137828487,2.5303255612407325,0.3986630661346493,3.827987644363878,7.753904736563658,159,30,Female,Low,Low,0
358,15.163223379949406,1.6609667834103095,3.203804835286583,8.218309465853594,7.429645896897663,141,149,Female,High,Severe,0
359,10.056638490262305,3.5541019715601734,0.852822742760746,6.595107686407702,5.10903038768215,186,124,Female,Low,None,0
360,7.434378966891307,5.474180073700146,0.0702396643854244,7.962414505413685,4.357522584118862,68,46,Female,High,Severe,0
361,11.006035058192944,1.2639731340339995,2.532205560765834,2.7194603941844875,7.626155918288626,77,246,Female,High,Severe,1
362,8.415540466881232,3.7377995013808967,1.7702442459249375,6.9235892246105815,8.582153616101923,139,21,Female,Medium,Severe,0
363,9.638635050423089,3.7893613205551233,2.916002962785618,2.640619846937188,7.140408225532049,58,120,Male,Medium,Moderate,0
364,15.180507322871353,4.398678134491686,3.4631993204073046,9.390684794502915,5.360635751917874,135,40,Male,Low,None,1
365,7.40543692921084,0.7894061107635588,0.26243443385368415,6.363742815333744,7.99913186015821,168,77,Female,High,Moderate,1
366,15.4566678935348,4.294949788092532,0.7380197707424738,3.245118001753421,4.480634359657613,120,199,Male,High,Moderate,0
367,14.674908987384892,5.454195123993846,3.3518543787025523,2.6951186229227266,6.651002228811728,177,39,Other,Low,Low,0
368,4.74107588705015,1.0780986532214518,2.0590041190359494,1.909265850716435,4.980200550390521,57,274,Male,Low,Low,1
369,2.9710582122523164,1.4252599495432658,4.3750409252966875,6.946409588937278,5.1067543063593,60,57,Female,Low,Severe,0
370,3.410892019283973,5.828370564249838,3.913749891551638,2.187156129979273,5.213763694949222,52,167,Female,Medium,Severe,1
371,2.255105559121696,,5.073626177939441,5.953032659274891,6.320242342263867,107,44,Male,Low,Low,1
372,3.3222014505829973,5.126310560217474,4.154956960015352,2.646350269253573,4.306901233722385,192,140,Female,Low,Low,0
373,11.562094827828997,2.9536671386882087,2.579586464340889,6.619689447938686,6.386760645574589,186,45,Other,High,None,0
374,2.996641078443206,1.4833864464190623,4.037799734366594,8.149397285405392,7.070244682688205,133,188,Other,Low,Severe,0
375,6.4656588241126585,5.224499407635069,1.6522870455325112,7.780252431446532,6.8997657097979515,89,244,Female,High,Severe,1
376,13.828254353572364,2.671831530015993,1.837880992669276,7.608513309307817,6.296704602418243,194,20,Other,High,Low,1
377,2.325807100301562,3.088904123578141,4.73391095952476,1.8772240569225207,9.034879648424514,120,280,Other,Medium,None,0
378,13.402558756245101,2.1554002163985944,2.6785170984094933,0.8838494698451871,4.871960154523025,152,32,Male,Low,Low,0
379,5.945966846827599,3.5577051086095643,4.790282043110115,6.989488284873856,7.034180462688244,36,67,Other,Low,Low,0
380,3.6543075867031876,0.9811432355101366,4.93453424200967,3.683472137943513,4.3722485017393256,167,113,Male,High,Moderate,1
381,11.75432031509811,,5.145374025967703,4.3234622640334734,4.426934073267459,173,280,Female,Medium,Severe,1
382,10.805199854918376,5.816473934011725,5.499811415047244,,7.443195098062578,122,297,Male,Medium,None,1
383,14.28460818937874,,2.5859113230797774,2.595764492750492,7.3961105493269255,95,224,Female,Low,Moderate,0
384,12.290994613254401,3.940419987247753,,0.3367640387446402,9.268201077066742,123,204,Female,High,Severe,1
385,13.24873302538788,1.9511403853481692,3.493192479564683,,7.347242053960439,133,194,Female,Low,Low,1
386,5.948484015998291,4.640838754119604,2.2270345406257652,2.4339668321853045,9.758746122429102,58,88,Female,Low,None,0
387,4.48415361291612,0.785241964310099,,5.5733716957300805,4.292169090399579,85,123,Female,Low,Severe,1
388,12.508606522972016,5.818926270471268,4.233515175862948,,4.588046108684447,64,265,Male,Low,Low,0
389,13.295686349741697,2.7227372483018355,4.130430110952821,6.66847391305658,4.264395169422288,65,180,Female,High,Moderate,1
390,15.867071988009426,1.4163027800787837,2.247317322120728,3.230273457540939,5.11166110200124,104,219,Other,Medium,None,0
391,7.776647476759971,0.44098048398007594,1.001161210192517,8.979191869576658,7.247620665650069,53,235,Other,Low,Severe,0
392,7.208253201098964,1.0185474305252444,2.583176030773245,8.881181889340358,7.873433088564568,168,231,Female,Low,Moderate,1
393,12.869781450387956,3.118643691336106,0.8555648644914524,3.252906183617478,4.273510947692013,195,35,Other,Low,Low,0
394,6.77124956354225,2.022019058587718,5.34058221110285,9.009608956904678,9.675825339073596,96,224,Male,Low,Low,1
395,15.030602558449907,,2.0752647644271445,9.961576734987789,9.052992259902286,190,58,Male,Medium,Severe,0
396,14.017778525802164,2.5853251419708356,0.9267584833399427,8.254156641239481,5.779674892942559,93,108,Female,Medium,Low,0
397,8.005916383250257,1.4922856355257794,0.15268655943450526,8.448713477552289,4.463125181358808,160,275,Female,Medium,None,0
398,12.512194949080964,,3.8749343177189055,2.4900873610908993,5.019322439314344,165,273,Female,Medium,Severe,1
399,12.563600237185552,4.240663301312675,3.8214139047284594,5.767023988577563,4.7616664825298365,25,235,Other,Low,Moderate,0
400,3.4437341637030565,1.0022514474056992,2.04362499948775,0.6725591396736785,4.739702675793681,174,191,Other,High,Severe,0
401,14.635740693513933,,0.43027133308590604,0.9491793682166971,7.111370131994404,158,156,Male,Medium,Severe,1
402,9.07353321427,0.22002856160125783,2.457773369371392,9.988926120332906,5.475084654960401,154,197,Other,Medium,Moderate,0
403,13.570404525508383,4.4184120903938435,1.8673049703803615,3.2663924942591094,6.148838299174867,46,96,Male,Low,Low,0
404,6.480694414428564,3.9828271657308303,,7.481839120488464,9.937032000305935,86,207,Other,Low,Moderate,0
405,14.537325198946807,2.8477852544988833,3.634675496716142,8.066650530268165,8.10588549355207,156,34,Male,Low,None,0
406,7.448823502278284,5.065022693815183,2.18756236918524,8.580232710072291,9.693884002282008,167,233,Female,Low,Low,1
407,2.151727120724177,4.834020917700319,1.3073553255299406,9.976282974021565,4.855339330198694,54,227,Other,High,Severe,0
408,14.67534766986969,3.512126186380513,5.928215796933551,2.414964852568678,6.292836848995416,155,188,Male,High,Low,0
409,3.27801347500587,5.209627683079551,2.724009727176689,0.40350826859699707,7.328390819694126,71,299,Other,Medium,Low,1
410,6.470390926265808,1.2350472602206095,4.1296454146814225,4.11191517994586,4.460548371332428,173,165,Female,High,None,0
411,15.30086753871127,0.6715177163863673,0.8433178054701647,1.3008066982894695,4.025124661767747,109,282,Male,Medium,Low,0
412,15.308500057125785,1.6184976691019377,2.913538197956387,0.22425889162055124,8.022606002781504,61,23,Other,Medium,Low,1
413,10.028130433726005,0.3425211365358891,0.16522031921679292,3.604268271414861,7.850917100808612,28,109,Other,High,Low,1
414,10.84572097037719,3.187017168006192,3.0327307074627,7.837382510752365,6.464732859997671,118,79,Female,Medium,Severe,1
415,8.278237307696477,5.619634153769769,5.784104442706214,5.661806912250709,6.937864456192196,53,35,Female,Low,Low,1
416,6.104950803772903,0.23606124401105788,,3.1277798921035407,6.492658003552537,16,246,Male,Medium,Moderate,0
417,6.601303635178823,,0.23397607544946952,6.543420054927197,4.144030269069333,181,48,Other,Low,Low,1
418,11.415258385078538,2.7131941697006114,0.18573474551606117,2.320181803088107,6.012229637304775,126,170,Other,High,None,0
419,12.53324341212752,5.6032501051674295,,0.14381446072085025,5.062493532383739,77,264,Female,High,Low,1
420,13.08210661216188,1.896936629860503,0.9601496187791643,7.643533864364274,4.590545134608212,43,289,Female,Medium,Low,0
421,13.054653999123754,3.0434088521303546,0.14011257796911547,6.237430848640091,9.740322603336098,78,98,Male,Low,Severe,1
422,3.276885442681665,,4.537281683701061,7.6230262450096,7.596158350252994,64,172,Other,Medium,Moderate,1
423,8.921884265836141,0.8900592057725332,2.751138053291344,0.3893801668766561,8.371937705419615,19,296,Other,High,Low,0
424,2.80582264023302,5.919780737753081,1.7354686318359271,8.371196278306522,5.892182459596705,51,298,Male,Medium,Moderate,1
425,9.693404352532298,5.790712178616273,5.4004990980988845,6.195262000363034,6.358882776964091,50,76,Male,Medium,None,1
426,8.181427019227279,0.029639885606457694,0.6968337612031537,5.633953507126401,5.421543963380341,131,205,Female,Low,Severe,1
427,14.427858558616197,5.710870712539434,5.7355129737319155,6.246140481145316,4.581794025792549,147,112,Female,High,Moderate,0
428,6.912810175729102,3.834719626893002,1.883800304264117,8.644332468683642,5.074189824649503,19,295,Male,Medium,Severe,1
429,3.638938229986482,5.207509767120133,5.330422033852088,5.86936506558907,8.785084271778915,111,177,Male,Low,Low,1
430,4.001883548739702,2.7284391338031546,3.6176572588767693,5.809503798881793,8.065274831102656,197,294,Other,Medium,None,0
431,12.661148844044611,3.0935761714755015,,,7.281573255912861,137,200,Male,Low,Severe,0
432,10.655052886427654,2.933079481541521,5.904078979262786,7.56730167068568,6.850539237200609,188,96,Male,Low,Low,1
433,3.415717465719063,4.001185545276626,1.7304326269124743,4.422938054511353,9.534605701936748,158,170,Other,Medium,Moderate,0
434,3.177495285609964,0.8379075285378774,5.766812912445558,7.073970000329277,4.43640968667201,145,257,Male,High,None,0
435,11.81356784042768,0.17984153923606772,,3.892304716917885,5.683604879427496,101,250,Female,High,None,0
436,3.0186820890987094,1.8475796495471455,2.3130714284215337,2.28875462483499,6.099627121424284,122,37,Female,Low,Moderate,1
437,13.506040830064986,4.22808457641988,2.042322625527034,5.968518768877594,8.694554873276727,87,92,Other,High,Moderate,1
438,11.887391180190948,1.2111207127376902,3.2484456440855114,9.281820981139514,9.955087720971829,94,208,Male,Low,None,0
439,3.1388829289865967,4.040594599949504,0.9248702590709226,9.291395200154627,5.444023088542918,39,36,Female,High,Severe,1
440,3.187727997192687,5.819472276643623,,3.419052781054903,9.245844004822484,58,38,Female,Medium,None,0
441,15.812954099016457,0.5634042947365103,3.2502288744600243,5.276774662216949,8.983736562590748,18,238,Female,High,Moderate,1
442,7.239791140585685,4.035612709350758,4.57141087562922,2.116358985698612,5.3479443858505995,154,139,Female,Low,Severe,0
443,7.188990058936473,2.662501315827427,5.001899771625514,9.956311094988834,6.395995481195335,78,120,Male,Low,Low,1
444,13.379193941605036,5.208853526265032,2.6426481018745442,9.811179078679357,6.458037215755114,67,53,Male,High,None,0
445,15.261480083374021,,,6.495089297074474,9.86932401115935,194,103,Male,Medium,Moderate,1
446,15.804014893520193,4.155755713356987,1.5560093839025668,8.044140596774733,5.0853514082733895,71,215,Male,Low,Low,1
447,12.547294593625182,5.0286917378886615,1.1677430202292316,7.151001612837,8.794947826628693,61,221,Female,Low,None,0
448,7.2676341974328205,5.667685316844139,,,6.00515628503866,198,30,Other,Low,None,1
449,3.1690100337813627,4.099488169737874,2.0546878730082803,0.533479969888977,8.385222074656962,49,237,Other,Low,Severe,1
450,12.880056822984114,2.9830485840505636,1.6214861527846995,4.54764342552661,6.520066025773977,175,272,Female,Low,Moderate,1
451,9.817659496301271,3.707083441207283,5.798504315198445,6.747863021674105,7.47015857869924,180,241,Female,Medium,Low,1
452,7.939108129457668,5.213429906872309,3.3462529575002637,,8.995670639956787,72,99,Other,High,None,1
453,14.688961391326304,3.4236584798329783,,3.7312261842238357,8.824993389903305,156,26,Other,Medium,Severe,1
454,3.556764752286119,0.18232235818102116,3.482805605962176,9.416919866580306,9.1985391012382,59,291,Female,Medium,Low,1
455,8.896751460072029,5.585692173041867,0.835180208074173,1.67357032236781,4.357703952067954,170,246,Female,Low,Low,1
456,2.1589510267438667,4.137160506189367,2.6642624952132175,5.003594462155606,8.15230331823847,150,35,Male,Medium,None,0
457,8.561248987917768,4.059080314663479,3.757405928526383,6.908839765508228,4.839924260330577,87,31,Male,Low,Low,1
458,2.788245859545723,1.294050914386303,2.933386990754708,6.971358058918092,6.494911408110466,106,260,Other,Medium,None,0
459,3.6634508277530067,3.953312821395943,2.4106728039259453,6.486389567688155,7.291530490328131,199,40,Female,Low,Severe,1
460,3.6453674548794686,,,2.7528821345186016,6.416436908480985,52,197,Other,Low,Severe,0
461,11.08894422962489,3.9073978622489527,5.281888572893562,,7.117670054818045,186,247,Male,Medium,Low,1
462,12.444628309715926,,3.7404357489566404,6.3594032682671084,9.979157852791715,45,292,Male,Medium,None,0
463,10.167162711360234,3.947071827618216,3.4162641670936966,5.993021161394378,4.811303882277128,131,153,Other,High,Moderate,0
464,15.470415678643587,5.996482354624,3.7239628789475043,1.7935601028924097,8.052736272018553,117,172,Male,High,Severe,1
465,7.248188113331857,0.28927223316333617,1.2078726469345995,7.051391455705634,6.376005798313692,19,85,Female,High,None,0
466,5.99996920794605,,2.3708264595859116,4.551719917336564,4.798058793443973,104,156,Other,Medium,None,1
467,14.160387794652443,2.441447764337224,0.2367571973453959,6.6776059160315295,4.952420580245857,15,111,Female,Medium,None,1
468,5.130341739272337,5.224520702023555,2.8532762249209602,8.373670797701507,9.695638637473701,66,278,Female,Low,Low,0
469,15.485115552168558,4.6943129043496405,,1.6972842857692316,9.277608980270571,138,122,Male,High,Moderate,1
470,2.170162645657429,3.402097565920007,1.3664984166192575,0.1914486799683668,9.44225176249013,80,74,Female,Low,Low,0
471,15.578303573906947,4.430695255507959,5.784173082993083,,9.949196654964318,195,276,Other,Low,Severe,0
472,2.6042387673080656,5.271093367808088,,,5.249892340051108,30,120,Female,Low,Low,1
473,14.476003591772995,2.424841929906198,4.332859412735435,6.996395696221217,6.132636024184371,101,217,Female,Low,None,1
474,9.387815527208197,1.9621989693794322,3.2003197725921755,8.381549749886425,8.0153141795492,136,245,Female,High,Low,1
475,15.901507145670205,4.005560313381508,5.2198149578861095,8.028109348245005,6.902815239163884,89,256,Female,Low,None,1
476,3.033151906295584,4.847075651647551,0.7839140629407775,9.609201469288246,6.510337200270001,65,45,Female,Medium,Moderate,1
477,9.753959981618491,,4.74305876564931,5.359350788521182,6.1468674960135585,125,140,Male,Medium,Low,0
478,15.570235498667385,4.786881893151807,,4.884956326599053,7.562683791660714,157,201,Other,Medium,Low,0
479,9.323369818382083,2.613499888877598,4.765263975296433,4.018871998907301,7.453560571840492,191,218,Male,High,Low,1
480,10.811580933893676,4.90700529705013,1.6546054095081417,,4.96874700438544,34,274,Other,Low,None,1
481,11.74048164578464,0.7212543322236507,5.262543486109133,5.726072328820225,6.830439025110635,165,141,Other,High,None,1
482,8.363574906748825,,5.664252562952387,2.7701252432597876,7.3208306572590995,14,50,Other,Low,Low,0
483,10.785813121176888,0.03455196298872942,0.8927758164306938,9.213075122129755,7.421721632388342,129,125,Other,High,Low,0
484,10.180400366923404,1.9475149794016218,2.776053630392361,5.8319080427709755,5.260643157474111,30,243,Other,High,Moderate,0
485,14.616212146873846,,,5.928401805081101,8.453628353513722,27,292,Female,Low,Moderate,1
486,2.63624932478041,2.3770361496555323,2.9004446158388797,3.5492466087701002,4.151194568926417,184,251,Male,High,Severe,1
487,5.933484654291225,,5.181285135087271,,6.128991133258976,66,275,Male,Low,Moderate,0
488,15.305760777071821,2.3313486076220746,3.532389132787919,0.3174376537298862,8.6812758912138,102,43,Female,Medium,Moderate,1
489,14.463692974472828,2.692161735735184,2.251979447517611,4.233351441531975,7.383357526332414,28,128,Other,Medium,Moderate,1
490,8.37919453899998,1.4252647852459648,,0.8456537809723785,5.566974595065162,137,210,Male,Medium,None,0
491,10.681856369221514,2.2395107497760405,1.2193385465165236,6.068469555401391,8.169718716058286,106,44,Female,High,Moderate,0
492,5.883336561735858,,4.570789148266183,8.809730056396575,7.40434566493644,140,206,Female,Medium,Moderate,1
493,4.633696236132659,0.43917554261066183,2.3192430409381672,8.829148165187222,8.777461656738323,179,135,Male,Low,Low,0
494,8.49177766915975,3.620691560288267,,6.590454101322324,8.410151117138941,30,56,Male,Medium,None,1
495,6.946931192364739,4.009276791330097,2.9539528800070913,,7.660647532217408,49,156,Other,Medium,Severe,0
496,10.171185565912209,3.716942076057687,3.463674175398787,,6.929066051864885,76,246,Other,High,Severe,0
497,3.088284917509788,2.780964262803434,5.193462873747313,8.860934353132082,4.799092754005141,162,201,Male,Low,Moderate,1
498,15.641527307326331,2.278714681075379,5.884436061500576,1.966535849529587,5.567998107312302,136,105,Other,High,Severe,1
499,15.80695042271444,5.180001897430952,2.445505251442902,7.374260857706773,6.514596837502512,64,72,Female,High,Severe,0
500,11.774263996276431,3.114490710817308,4.965113532637819,2.8651954892712297,7.595795722038332,189,254,Other,Low,Severe,1
501,9.505349128817684,2.875091265778386,4.587166767928306,8.026403123529297,7.082247131291829,181,286,Other,High,Moderate,0
502,6.333386628008588,0.15385239483861413,3.4411737087334395,9.972378999036026,5.729107155757177,118,119,Female,Low,Severe,1
503,13.393130275897281,2.047486965756938,5.736282861671599,,4.038786146738263,107,106,Other,Medium,Moderate,0
504,11.58623641575431,2.2811737127151424,1.2028470931704167,8.973658657909318,6.977435331404884,193,34,Female,Low,Low,0
505,4.276637150828478,2.392936685381403,0.6555852618577285,,5.713755931373458,192,120,Other,Low,Low,0
506,14.752980582913795,,5.123771801732532,9.733826191648213,8.40764980426321,121,184,Male,Low,Severe,1
507,13.515521400924365,3.2016152803612705,2.63489889980249,4.650095175264276,4.143677591622901,124,48,Other,High,Low,0
508,15.297198786086936,3.6474305567606677,5.081813125242363,,7.508966867834745,126,133,Male,Low,Moderate,0
509,12.16007311743704,4.58929956925277,5.35854123117249,0.6239406859827723,9.648845425036392,96,126,Male,Low,Low,0
510,10.587812743101058,4.877914432296561,,3.352790500782957,5.046455602668997,90,149,Male,Low,Severe,0
511,7.855402508068664,,5.300788577916364,0.6701653775120997,6.829896944503572,75,103,Male,Medium,Moderate,1
512,15.058198766956185,5.733142175729608,2.6899143322165333,9.753431334790704,4.548531950902829,28,290,Male,Low,None,1
513,14.124894453005718,0.10939549605816978,3.0625949340253933,8.169739072718368,7.754091473568115,144,263,Female,High,Moderate,0
514,2.6330613814866517,1.1746679141012766,3.7595550665592614,,7.303190083577354,127,233,Female,Low,Low,0
515,2.369137642961528,0.04537724986885272,5.55829564038052,9.379652314338943,6.444193145276994,51,185,Female,Low,None,1
516,7.270487136292695,3.8848482849276182,0.11469656657858418,0.8510348611978535,7.128262128842447,51,298,Male,Medium,Moderate,0
517,13.347746630945661,5.388183293699921,,3.8559759251333334,9.379447950814061,68,78,Other,Low,None,1
518,15.821865810409223,1.4608937794577956,4.126332254583364,0.7103488904400213,5.177765813866403,29,109,Female,High,None,0
519,4.105836475449395,,4.336241746189371,2.107931015500286,4.135387070232083,82,213,Other,Low,None,1
520,10.317830014929893,0.3616043417373651,4.155194589222647,2.293657770376724,9.169989308194605,26,142,Other,High,Moderate,0
521,7.332471992834301,5.606616160833086,0.8066107764487311,,7.462702494327439,36,155,Male,Medium,Low,1
522,15.578801569404444,2.1097361234378065,1.7963735302300874,2.685621674536426,9.343950732771054,184,158,Male,Low,Moderate,1
523,13.789664923899922,0.6085249706952991,2.1522931525020805,1.009781068177611,7.581671340479035,11,248,Male,Medium,Low,1
524,13.73660186595593,2.9152305551179536,4.82662324607703,1.674910890941077,8.860966539758214,72,293,Female,Low,Moderate,0
525,8.561704237129584,1.5406594063230477,1.6725592344873181,1.4727556355209093,6.578040180130888,71,69,Male,High,Moderate,1
526,7.807473032727312,1.709237411771537,1.264229783203219,9.730767979122984,8.499159587729613,109,137,Female,Medium,Moderate,1
527,5.827699007029887,1.8437397895577194,5.744688114228577,7.592925069184736,9.478248801339136,28,221,Female,Low,Low,0
528,2.7892569531129796,4.818155386995981,0.0531797106808134,9.67761465269562,7.432737782333238,26,210,Female,High,Moderate,0
529,14.106113267570745,3.234967660051527,5.986925134091869,,5.084710903374277,78,200,Female,Medium,None,0
530,13.380614127821087,1.8678461949360219,4.060927793144374,2.783684816626566,5.612785690181189,176,97,Male,Low,Moderate,0
531,15.996047426005829,3.66200269986551,4.970815796694702,7.982931972091867,5.191867461384435,126,94,Female,Medium,None,1
532,15.952915719034674,4.296904045339161,,3.262539180411468,5.481142165574397,90,40,Male,Low,Severe,0
533,9.776043878436784,1.6357440044012026,0.08589166600235987,2.9938337370534827,5.8384926961062185,48,190,Male,High,Severe,0
534,12.765823812527147,,4.42721711136918,2.325059922078312,7.330802720519131,45,34,Female,High,Low,0
535,15.226720218353993,,5.004867582004055,1.2967897822423535,7.527949776782997,177,230,Male,Medium,Low,0
536,13.89506346948376,1.086896097208082,4.442856791721114,2.5646306101676597,6.558998483451167,182,67,Other,Medium,Severe,0
537,5.462873424404767,4.086707123789897,0.8571017238050316,,7.692524678925013,141,105,Male,Low,Moderate,0
538,8.307617894341309,1.0886300861737617,4.520567533541815,,4.489449553668195,162,168,Male,High,Moderate,0
539,3.8082318121209298,3.150980302002361,4.613536692645846,0.6256484221945158,4.52672942234896,167,207,Female,Low,Moderate,1
540,15.356714381622114,4.254277570334596,3.951243094020329,2.1050693966534295,5.030976762145951,38,170,Female,High,Severe,1
541,10.48644488231232,0.641261538568463,4.596695596773517,8.090236402916764,7.108464988242068,60,160,Male,Medium,None,1
542,5.200999277048478,,5.075528638066393,1.4692192358377076,5.283968072189881,161,88,Female,Low,Low,1
543,11.403809581681994,1.5393767022081826,3.6816246854247505,3.4264514652252154,5.699706420955464,23,279,Other,Low,None,1
544,10.653795366410542,5.777561251425479,0.5316282838180744,8.6465892185814,6.401877017037965,78,28,Other,High,Severe,0
545,7.014278052459767,2.9012738803195486,2.925766858003265,1.5492531114344266,8.871196744062278,155,140,Female,High,None,0
546,3.5898062907948063,4.835955298650949,0.4658960080296304,0.827368356181899,4.083172815477161,179,120,Male,High,Moderate,0
547,11.402024738299195,3.3013592529375706,2.445258186194585,4.845379950800108,7.896272921419735,66,168,Other,Medium,Moderate,0
548,9.284307812653106,0.260475197128915,,3.024195112785364,8.013259186244113,21,165,Other,Low,None,1
549,12.81245748429895,,0.3960590648414495,5.634083644838541,8.79193468213982,26,262,Male,High,Severe,1
550,9.282289015567908,5.7084200532399425,2.092923203816876,8.038048904834751,9.596517634361879,39,260,Female,Medium,None,0
551,13.930541004459561,3.609670920877987,0.665988592747889,1.3714848815274316,4.120827093695739,97,62,Other,High,Moderate,0
552,9.726695742842796,4.915133156560741,4.849411260055333,5.80699084554285,4.922702233079297,108,114,Male,Low,Moderate,1
553,9.853131601495408,5.305238780090447,5.686128155786824,5.055087603898639,9.317027764335958,32,245,Male,High,Severe,1
554,14.273150437216831,1.3684786316935948,0.43389885154763164,1.4407878601319957,6.751111373122092,138,25,Other,Low,None,1
555,7.648760126973558,1.2722690394493599,5.730691243750209,6.2399848552898245,7.387543833600781,88,233,Female,Medium,Moderate,0
556,3.87621319830897,3.66588593310595,3.135459596020471,2.7364041786077165,7.9781632223388845,41,225,Other,Medium,Moderate,0
557,2.4029574683867456,2.4661708188402285,1.7973940677232434,4.878343185440125,8.074399626973825,18,86,Male,High,None,1
558,12.571921579430667,5.0391678172003225,0.46117245165698106,0.8227232427706188,9.590442419899048,24,119,Other,Low,None,1
559,10.684333718948505,5.400138740388067,,4.595840572136231,9.981696504470019,165,31,Female,Low,Low,0
560,11.85711675338913,2.1205282758163086,4.767093266944492,3.0646346804282034,8.320944765585642,161,256,Male,Low,Severe,0
561,4.9814982611247505,1.4212233538468924,4.242518863600189,8.223812111853544,5.723327255230905,197,277,Female,High,Severe,0
562,3.9092006582147767,4.683153091463171,0.3013560687838426,0.5697872699736828,9.278514413766061,172,154,Other,Low,None,0
563,2.203625319350347,1.6488362132888166,0.43741101220742107,4.1860727491833,4.29532548724457,36,241,Other,Low,Severe,1
564,6.908225823292358,4.9356859110820706,2.4172396957958227,4.58431424131438,5.386485117246977,118,175,Female,Low,Moderate,1
565,10.258847615964862,2.542429521892577,,7.250060762991187,9.38431430478229,85,161,Other,Low,None,1
566,7.491416631396253,4.005299395748823,1.394305938336287,,5.53714908663613,157,177,Female,High,None,0
567,8.124648908332206,0.5732118830080091,1.6860269934522816,6.672123371941811,5.323906357730491,74,281,Other,High,None,0
568,14.658221722912478,3.743155948059438,4.8208964597813075,7.770492856517562,4.828751758841483,186,248,Female,Low,Low,0
569,6.875576538326205,2.7106060724233747,,,9.1546705458815,118,299,Female,Low,Severe,1
570,9.195852848237351,3.519650779052845,2.4306161671653985,3.1387549672247053,7.000349555146521,138,187,Male,Medium,Low,1
571,12.971142178376002,1.0080852464691805,5.436666012794983,5.38022705363903,8.049359218324929,19,66,Male,Medium,Moderate,1
572,7.551598952497782,4.421242469665093,1.9289742074872918,8.401080784391999,5.434398304450178,56,222,Female,Low,Severe,0
573,10.709213803190229,5.176782465259372,2.8586219180627497,9.894511309650564,8.548242526067298,132,233,Other,Low,Low,0
574,14.073091922454433,1.3004388005446539,1.3561739868959983,8.895193110437631,8.56003326977259,68,265,Other,Medium,None,1
575,15.293288731206989,0.5742873331209704,3.842856253055064,3.714672626243768,5.875588149449801,105,43,Other,Medium,Low,0
576,4.0590287330065316,0.14183151627801838,5.873886691048853,1.9516651721865041,6.464095798061697,199,293,Female,Low,None,1
577,14.972226752260921,3.851829002659596,3.620958576260272,4.893925374065887,5.258141664581205,112,63,Female,High,Low,1
578,8.889628103113534,3.6425642165326844,2.146884504681293,7.416414518360423,9.859366139937425,133,175,Female,High,Low,1
579,5.615421436185417,3.28018447628442,3.8869046759431702,4.925690707532976,7.87361546235047,95,218,Female,Low,Low,1
580,8.427900587335658,1.3916825766958525,,4.831808633136685,9.607263284293094,155,181,Male,Low,None,0
581,15.720456053996678,2.3454359754330882,5.331954481592392,8.382304210818006,5.820313261774799,121,253,Female,Medium,Low,0
582,8.896653315900174,,3.018503704679018,3.6140377906718637,8.691345477981338,183,182,Other,Medium,Severe,0
583,6.602522544025115,,2.6960984522378526,8.597946748116456,8.595151863308452,169,135,Male,High,Severe,0
584,10.86761196043416,5.926713121289324,3.515188730721115,,8.149933911199248,36,112,Other,Low,Severe,0
585,5.362038662894703,0.8186385153403988,3.7487031767364147,3.282331056783394,9.793833851600802,27,61,Female,Medium,None,0
586,3.062086593521295,4.170867324285563,0.43065483735907817,4.53989911199699,6.361332016637894,176,229,Male,High,None,1
587,3.804316106749089,2.4259126086257528,4.095703327340415,7.624469586748685,4.7843039415385435,186,225,Female,High,Severe,0
588,3.7926417454088144,2.5691976895536888,1.4515900818931775,1.2600202786399428,8.030253155464365,91,239,Male,High,Severe,0
589,4.126637709172121,4.305586593949057,4.283715795039539,1.9641921587201738,8.375858802863238,181,299,Other,Medium,Severe,0
590,3.943580417091742,4.154616907946218,4.9352087663051805,9.514448256630919,7.450363440752888,81,155,Female,Medium,Moderate,1
591,10.972246427245004,5.94753596221313,4.823751045315122,1.7549162738135737,5.240907358800378,63,125,Female,Low,Severe,0
592,4.546321181588027,0.7703657367247514,3.3150058044473347,5.6772731793105455,7.026735650016132,171,137,Male,Low,Low,1
593,6.839341966534085,0.624657896304998,3.121019353864507,5.793144666619378,5.873138419414777,80,256,Male,High,Moderate,0
594,14.555037738684165,4.346032902772447,0.8572557680364703,4.896244620502448,6.564799169000135,173,119,Female,High,Moderate,0
595,8.635462963680213,3.4703215020384546,4.6520769024188136,6.447452485768186,7.871311455067984,155,280,Male,Medium,None,0
596,11.345808339294381,1.6449639993588352,1.6284562826802862,2.2982672579761845,8.471288456145007,47,122,Female,Medium,Low,1
597,4.412478196822818,0.47651621393391963,2.9801725369076792,5.526622677767482,5.3933481454080585,196,82,Male,Low,None,1
598,4.692046263321391,0.5139494975785832,1.7056445575651002,3.7217325524689713,6.43195216388172,146,194,Other,Low,None,0
599,2.572160627730704,5.36514524798471,0.8029701779981588,6.61667259629189,5.614969425949775,188,245,Male,Low,Low,0
600,4.3650908830103035,,3.7773461813504197,1.4122354337314946,5.191789683171215,44,26,Other,Medium,None,0
601,5.900264746447421,1.9402293726931246,0.325992208937423,5.708774168394762,8.70032331997503,91,146,Male,High,Low,1
602,4.478146779874455,1.3599384133619281,4.4918714047572,,9.455516166621955,142,111,Male,Low,Low,1
603,3.241835472598779,2.1299778349916236,1.9055207715667,2.786430631150364,6.22139311410746,151,209,Female,Low,None,0
604,3.6889021954084114,0.4165430564765602,0.0008081580269119204,2.1870980032358323,8.5076735462426,167,72,Male,Medium,Severe,1
605,8.45090275245816,3.114358745449622,3.066774835423379,1.828377798688171,9.381971736186467,13,261,Male,Low,None,1
606,4.888672057681095,0.4056753815532894,0.28111145116561875,8.25710951560667,9.07674526318139,176,151,Other,High,Moderate,1
607,7.099778054673056,4.802139046934169,1.6570173469253968,2.857075676608903,5.096880331235355,162,131,Male,Medium,None,1
608,9.047841791967997,1.4022724914625981,,9.271237818644494,9.737751289080169,165,26,Female,Low,Low,0
609,11.665527600811114,3.2400714876270635,,9.699265253451909,6.260058642576775,159,249,Other,Low,Moderate,0
610,2.550369957775385,5.280474525368749,5.036030954136014,5.712604699370973,6.035443967043018,168,175,Female,Medium,Low,1
611,13.191745584726597,3.9052642142831653,,,4.3745879636666825,32,216,Female,Medium,Severe,1
612,10.79060545287271,3.197746719308012,1.4809432152114135,,6.917041924629298,57,242,Female,Low,Severe,1
613,3.1446264472842067,1.9460025186922536,4.445424336912429,7.9773226334821405,4.654081693845573,157,269,Female,High,Moderate,0
614,14.230100737494881,1.9980114783491876,,3.673907286970705,5.491238925564556,134,102,Other,Medium,Severe,0
615,14.892213607445385,4.016921731189141,0.6113543283960812,0.8701721830278875,5.9016557306036885,175,259,Male,High,Severe,1
616,2.8550914379680927,5.964836167327006,2.1614035128025675,5.567849109281879,8.852957940950105,64,282,Female,Low,None,1
617,5.876287074060852,,1.6223597183071532,,9.25293190237538,77,208,Other,High,None,1
618,13.286817917102859,3.3467005042201494,5.05627141296333,7.959263871435024,5.8147979047688185,97,77,Female,Low,Severe,1
619,12.475635665371216,4.383903061435476,1.8800875055108588,,9.152188727467443,10,28,Male,Low,Severe,0
620,4.583294270989283,2.791233673702309,4.733594830656044,6.727646144124667,9.143385624218746,144,134,Other,Low,None,0
621,4.930890526713944,0.3608540556047113,5.351232868864408,2.205042634356471,8.587905702309241,194,229,Other,Low,Severe,0
622,7.186609439079348,3.373780895267459,2.6029045174591774,2.1820753455217226,4.880170684091089,104,60,Male,High,Severe,0
623,8.783321792674299,5.745751707032281,5.459658863126352,8.740717733051852,8.141937081404373,149,192,Other,Low,Low,0
624,10.655566801424143,1.0518176541459578,2.263908323779157,2.4966895274023013,9.670144387483413,115,253,Male,Low,Severe,0
625,7.164790953976814,,5.7844704989406495,2.632473465180112,8.095242872602942,142,97,Other,High,Moderate,1
626,8.47548602586407,1.2056021319543389,0.5357371471534376,,5.989701094647003,117,127,Other,Medium,Low,1
627,12.464593133872592,,4.122115599019456,8.706690341255177,7.003475904584988,187,58,Male,High,Moderate,0
628,2.5135648404683706,0.5800586978803177,2.962884242741572,7.925948132091348,7.874350260106322,51,138,Male,High,Severe,0
629,5.534117220816291,2.702225617549111,2.3258928327338824,6.27328935090678,7.063422452371022,111,46,Other,High,None,0
630,11.986894202383734,4.536979973371476,3.7962712724916052,7.502657639388422,4.719717650385819,133,123,Other,Low,Low,1
631,14.53289572762079,2.0854291454338925,4.223142549805987,1.520485674244918,5.872384267912124,149,93,Male,Low,None,1
632,9.163484189619325,3.989470346923308,0.026179617901854524,4.583235945875755,8.814376183321794,112,210,Male,Low,Low,1
633,9.449588793714419,4.772699764738375,1.0017185324831923,3.512193873487809,9.168508276573105,155,166,Other,Medium,None,1
634,3.5004081587568647,5.563066916876716,4.278276303805912,0.9377652625701649,4.823800196293421,83,274,Other,Low,Low,0
635,8.263773135528364,1.4078524911327213,3.998312481469239,,9.714320514392348,117,232,Other,Medium,Low,1
636,9.456641730370325,2.395895494855849,5.796285030772063,9.207396503426354,5.972935707091656,131,142,Male,Low,Moderate,0
637,5.394587050886216,0.9144960799825046,4.566226741504698,0.4005911905069448,7.97388243238432,26,225,Other,High,None,1
638,5.769405233291334,5.954901012950251,5.704636246388028,2.9146091349379386,8.510950875740086,80,259,Female,Low,Moderate,1
639,7.281978283464717,5.562005807545772,4.215243009208842,2.0754093620570346,8.8716774078273,71,41,Male,Medium,Moderate,1
640,2.280996768888169,3.2397427816833577,1.788313251836659,2.381466536656963,9.67449821335558,50,278,Other,Medium,None,1
641,6.509108318164496,5.052199766258528,,9.084345518793754,5.877517288172935,128,124,Male,Low,Low,0
642,4.960272097951625,,4.690943180069613,4.6806905423429015,9.151038727309327,171,277,Female,High,Moderate,0
643,6.584962930490805,3.7415141280165582,3.8648953288554955,,4.790121420617242,54,223,Male,Low,None,0
644,3.676669845469517,0.5347465926960997,0.2891160743597774,7.605756424552823,8.230245438121557,67,281,Other,Low,Low,0
645,14.46738193035853,4.531622522980848,2.16030279540587,1.544922040049258,8.451866377083915,188,126,Female,Low,Moderate,0
646,10.310294349756681,,5.740798892905717,4.872653541000508,8.066339447207923,135,270,Female,High,Moderate,0
647,11.507432468022854,4.95640578151517,3.002406874261207,4.2998521412105974,5.513888416810918,171,240,Other,Medium,Moderate,0
648,13.048397340502737,4.692168526022315,,5.969106905466561,9.23825888209122,53,241,Other,High,Low,1
649,8.978190785006802,4.252468186457858,2.7461976309557636,9.995577032504386,5.01315078022237,24,277,Other,Medium,Moderate,0
650,3.2168840332239315,0.2169622831485727,1.2532963440309823,7.694488940820471,4.321808749124985,87,220,Male,Medium,Low,1
651,9.519491585459669,1.8187701356719717,2.212243025188771,3.978657030174272,8.304789943671473,79,277,Male,Medium,Severe,0
652,10.215775652292308,1.5786754194650572,2.21887953592306,8.27553052274047,6.852854291396402,187,244,Male,High,Moderate,1
653,12.43615263858062,2.160818444829115,0.3141301211248344,1.7070836331248018,9.094588119752057,110,221,Other,Low,Severe,0
654,8.043233647215512,0.5258564805830312,4.60540577110751,0.30463686308960125,6.300382846349554,169,245,Other,Low,None,1
655,3.7861242391378926,5.6217469381863765,2.4990265914232737,2.0444837246427303,5.009671531046277,12,255,Male,Low,Moderate,0
656,5.972862681182143,3.3228134442742574,4.93307932089854,3.4041155611425964,9.01865315481922,95,202,Female,Low,None,0
657,7.083152149580892,,5.102088006719372,,7.29345778984043,83,219,Male,Low,None,0
658,11.042841378642418,2.3818891024457005,1.2719643281919484,6.151291405411998,5.135174754342129,60,265,Female,High,None,0
659,9.990896265364766,2.683215243029014,3.9441208930207714,9.106057172144217,8.322303991518675,76,130,Other,High,Severe,1
660,6.985354162569847,,2.8336908249778903,5.0985400955045765,7.066681830937004,85,25,Other,High,Low,0
661,15.811213483101715,,5.28094042752891,5.012756446257294,7.625877893441919,102,255,Male,High,Severe,0
662,10.48084747099642,,1.2944440750587247,0.5024300982298213,6.765390029239491,185,146,Male,High,Severe,1
663,5.321175084303922,2.9817808974349815,4.0668792018602655,0.3491155265622381,8.972253902908038,154,123,Other,High,None,0
664,3.4249546166856524,5.952948088939876,,5.511599619163721,8.977376294098299,16,256,Male,High,Moderate,1
665,4.140027948580649,5.108549746470574,1.7718088654309967,4.381786132483445,8.256332930946318,22,174,Other,Low,Low,1
666,5.443408197383114,1.2510630861440148,0.8196054219070357,8.391803949802986,4.632408264378774,129,276,Other,Medium,None,0
667,4.24953922563378,5.5835712878634975,3.9098385628636594,1.6067958471184518,9.033123171424414,75,254,Female,High,Low,0
668,4.61193833671828,0.6981983873128565,4.431584748793984,0.24971662117049598,8.026077883197459,13,59,Male,Medium,Severe,1
669,5.99133236171386,,1.8937640625801,4.490387679301259,8.182144996025798,147,216,Other,High,Low,0
670,4.427230334126568,2.2837397608594805,3.8689956241338828,2.374785567522575,6.17789704242323,97,292,Male,High,Low,1
671,14.554715944769953,5.267845922670417,2.3707854456690196,0.4961437333883745,9.27567733694204,26,283,Female,Low,Moderate,0
672,3.123272439262991,5.208340140644702,4.279241299695706,7.24598286847629,8.352229601409146,61,76,Female,Medium,None,0
673,9.343159453983565,4.835552400705727,1.1952916493643186,1.1159299995724747,4.675542799175167,143,117,Male,Low,Low,1
674,7.745555577855261,4.740182617842368,5.341290015817046,,6.446668206436976,78,156,Male,Low,Low,0
675,15.753300636720489,1.8280748345882447,1.7244575787934784,2.8104975016688916,9.318282171760849,146,106,Other,Medium,Severe,0
676,3.568544630352733,0.48551569830751307,2.2067159265369174,1.7349605035502202,4.283180210184274,30,261,Female,Low,Severe,0
677,7.569978386640383,2.4178810725909687,0.3485517124820987,3.7975152291931744,9.768499717852297,33,218,Female,High,Low,1
678,15.572586065855164,1.041147089919052,0.6690732739276584,8.014457762229537,8.074975409917377,13,103,Female,High,None,0
679,14.117099762515723,4.16970653341477,3.0951714162739687,3.9209357690457267,7.788255865860259,161,261,Male,High,Low,1
680,13.439008993289919,2.076598359226713,1.605556060367829,,5.623355538927949,196,271,Other,High,Low,0
681,5.610639578629158,5.853661205159489,5.0128813544531665,1.2548629679915069,5.492750732435063,12,209,Male,High,Moderate,1
682,4.392426223460921,3.845832464071992,0.08816033192972306,7.727714196650791,9.652349316931573,77,171,Male,Low,None,0
683,11.361005078942034,4.9348833818061655,2.2745642920316174,2.3693332490664867,5.789634725404737,110,297,Male,Low,Moderate,0
684,15.011263847786202,0.7951480364510906,2.024073280614556,6.773931298888728,8.653031780313995,177,158,Other,High,None,1
685,9.794680502195018,5.172086893635735,0.11596578550560621,5.657815548409964,6.358730789242475,185,195,Male,High,None,0
686,10.002577652578598,5.536543143080366,0.7462103940030613,9.291447172116873,4.835524424708224,63,27,Female,Low,None,1
687,5.919707311243979,2.9223715129136156,,3.87322517975314,4.064291786172154,44,254,Female,Medium,Moderate,0
688,12.772901064687117,,2.95718750668468,0.6616518883444045,7.265544022091505,65,182,Female,Low,Moderate,1
689,4.618612479805327,4.588858805417972,2.425738483529215,0.19155485551252904,9.854672911293596,117,68,Other,Low,Moderate,0
690,6.531509309659412,1.0490317635624753,3.185626070472563,8.26858560972753,6.214817162855227,49,57,Male,Low,Severe,1
691,7.956110140629835,3.0153964587806543,3.5707900494340894,5.247356376614322,6.143154003958269,77,155,Other,Low,Moderate,0
692,9.10654530158237,2.3919781666338786,0.05954292676701378,7.752440518349493,6.064549707096653,55,238,Male,Low,Severe,1
693,5.393736253811124,0.8782439529734947,,2.3442560001151467,7.123263023829151,87,53,Female,Medium,Severe,1
694,3.6077155463488495,2.2052065337491884,5.78099544532553,3.450837455132337,6.643989300545761,150,98,Male,High,Severe,0
695,10.548680594182857,0.4090338563129614,3.1141936807772925,0.3010387221131894,9.279487760362088,164,255,Male,High,Low,1
696,6.040827745363581,0.1548714416969219,4.065253604753719,9.614923245741121,7.033124750340942,15,292,Male,Medium,Low,1
697,10.137335099916571,0.8109977349289366,1.8711831475012992,6.678679067008134,7.046547029131412,26,180,Other,High,Low,0
698,4.161078013838832,5.7786906695350435,4.643948268916575,9.332050877593062,4.83022956832334,173,194,Male,High,Severe,0
699,8.735961425967446,3.2971772153701018,4.63752889125669,2.6549640742907235,9.896437245462316,108,240,Male,High,Severe,0
700,9.456252055722203,5.79493296691932,3.127776285924834,6.114636112256608,5.499837345212978,90,28,Male,Medium,None,0
701,2.7255295155139767,2.594987269980792,5.856082939675281,6.784999682926378,4.440184404757616,11,132,Other,Medium,Severe,0
702,6.712459894714888,1.8708967985115574,0.7533012885759203,3.1754970025758844,7.978877493851253,86,224,Other,High,Low,0
703,3.8818054771456394,3.0368511770414646,0.10168598933748596,8.4810923501563,7.572198220941236,189,205,Other,High,Severe,1
704,2.8872495866187484,2.6370701317974605,4.620949270542576,9.471614629002477,6.490873923956475,75,216,Male,High,Severe,1
705,15.859443253459233,0.6339881055704635,4.842933224189295,8.848551176960044,6.533153403284068,61,285,Female,Low,None,1
706,6.512953829646122,3.8449578881412374,0.7212433747234575,7.390669759393726,8.710383526278587,101,281,Female,Low,Severe,0
707,13.338242241964888,1.2962290950575976,1.5934969977516364,,5.174275840597894,180,267,Female,Low,Moderate,0
708,5.564969166692694,,0.10531418019977346,2.8161604210563174,8.92151991366934,31,134,Male,Medium,None,1
709,11.541038111135009,3.9012065543889203,1.7598516646833882,9.633603204460378,7.892482683370109,120,140,Female,High,Severe,1
710,12.64319003845561,0.9121491187718886,4.638851243512029,,6.513818642677146,116,160,Female,Medium,Severe,0
711,10.33894236850982,0.36809776266400895,3.1077631662754737,7.160499732421445,6.748171699503212,192,84,Female,Medium,None,1
712,8.602066639702217,4.6845695164106385,2.0885735590097285,7.062461625552622,5.5398832431165745,76,295,Male,Medium,Severe,0
713,7.765772798061759,2.7588025426159213,2.2304357694379817,6.226895409497974,8.51268599618185,197,258,Female,High,Low,0
714,6.884155731601934,0.34898277303285474,0.008121754292808925,,7.077248453831606,195,29,Female,Low,Moderate,1
715,15.013408019469562,5.969197903018603,1.7988031653914154,3.1187943576372525,5.925127256499062,149,252,Male,High,Moderate,0
716,13.628671709028207,0.3466833659781998,3.8787524498275827,,7.576300694565702,78,214,Other,High,Low,0
717,15.510376749331176,4.170211373151319,5.8451666628981425,0.7893940294655555,9.974406712307939,93,31,Female,Medium,Severe,0
718,3.7401611287976264,5.902073551580481,5.082364961903397,4.4279813654373745,6.611573677939323,112,196,Other,Medium,Severe,0
719,12.23214465285102,1.4350806252955537,0.14156978787317476,2.610485262348481,9.524148404671717,48,196,Female,Medium,Moderate,1
720,15.13676639549453,,5.391363628049036,,6.070101039547397,22,236,Male,Low,Severe,0
721,4.537262926319242,0.7283096365345734,4.699190479791755,8.345717902556277,4.328396241549916,50,30,Other,Low,Moderate,0
722,2.930947743134885,1.8196508854055733,4.682256741425882,9.354845135274957,5.225452638210573,66,137,Other,Low,Moderate,1
723,12.375689090060828,0.6062748660638801,2.747974554021429,1.8573307200518563,6.512170859966105,190,183,Other,High,Low,0
724,10.042623584518767,4.152968050164791,2.388031757727017,3.7250893155346585,5.317809571567414,21,58,Other,Medium,Moderate,0
725,13.785602874615808,0.37375078878037615,1.8174943729991557,9.286305621153941,4.0013622293095334,22,72,Female,High,Severe,1
726,3.956813272768053,3.0565327688987383,0.39416915372619465,0.6180846068922263,9.490009226485164,129,237,Female,Low,Severe,1
727,13.133742366038463,5.980181123117861,1.3694121809621946,0.9236052811137851,9.063276467385574,106,225,Other,Medium,None,0
728,4.822782480668423,4.883821617036113,1.4796218098681477,1.6279098920622936,8.453753388921683,66,75,Female,Low,Severe,0
729,4.291183200119863,3.6913166293860655,2.9044624182612093,5.952128341268748,5.006887573876172,49,137,Other,Medium,None,1
730,4.299721171033902,1.83752172471967,4.484666439580164,,4.722181457259916,127,272,Other,Medium,Moderate,0
731,13.404046083239349,3.743375017749831,2.8428589703876797,,4.405628496834299,89,287,Male,High,Severe,0
732,11.312761089746802,3.16224878346991,0.34706669668296364,4.467145272585204,8.344175132637528,137,199,Other,High,Low,0
733,9.32291594676767,2.556500303342229,5.7467388059292235,5.015179603501664,9.572847764127312,182,254,Female,Low,Low,1
734,7.023626777729035,0.7842622604411968,5.656345914564674,2.466586158054065,6.583214925478222,44,215,Other,High,Low,0
735,14.280807571383516,5.319625291442801,4.71113725889045,4.709602524347335,4.714844031976289,12,99,Male,High,Moderate,1
736,7.494231503916895,2.698707892927935,5.947967409385323,,7.07435692439264,129,154,Female,High,Moderate,1
737,13.432392152602079,1.1677350709245904,3.2668939968015778,7.511771369540428,6.092991444751781,14,41,Male,Medium,None,1
738,8.147888719983058,2.2065561052637377,5.776610101519236,7.53868082709913,6.248949546099986,20,244,Male,High,Low,1
739,7.277222011948706,2.484778515173562,0.45363024370050464,5.7789111269408835,7.727983744934244,135,77,Other,Low,None,0
740,8.47751699937449,,2.194084489568228,9.043597749938572,8.312308679573214,80,112,Male,Medium,None,1
741,6.219290238297989,4.401686283368412,1.352287608040595,8.174078473061094,4.663621593238965,126,211,Male,Medium,Severe,0
742,12.466531322467516,4.615829361848039,1.1749985048056202,7.570481146986254,4.213541384838859,193,122,Female,High,Severe,1
743,9.038085461294708,0.06618758657188328,0.8448176933560565,0.5560552168046062,9.96598181611429,147,26,Male,Medium,Low,1
744,5.250977732055443,2.496923989078569,3.73448184939598,0.06877962219649314,5.396370093493311,115,147,Other,Low,Moderate,0
745,14.594044025843958,2.8880649098119417,4.68793113448383,2.1244727719547294,4.322983149450755,125,74,Other,Low,Severe,1
746,7.3744770992249595,,3.469790396522164,6.635235939134523,5.13925197457552,171,250,Other,Medium,Moderate,1
747,9.60974005559584,1.5588792524702053,0.881776257529258,4.111974888825458,4.2337470780907855,76,81,Male,High,None,0
748,14.690609553503657,4.56173893873281,4.866742619600825,4.0240625929931175,6.35086536770303,40,259,Female,High,None,1
749,10.73933194279589,0.8226582343739943,3.815728242982371,,8.814410706707946,84,109,Other,Medium,None,1
750,3.6365725699170968,3.21186078871555,2.3289942367619734,8.955628481318387,6.047466698546324,80,251,Male,Low,None,1
751,15.157649730588652,1.291211232103425,4.0447817732163776,9.091752640535857,6.6651004412702,75,252,Other,Medium,Low,0
752,10.78791274299985,0.07272464786335964,1.559429875456997,3.138780765150273,8.053520641404633,79,171,Other,High,None,1
753,6.688678605199206,1.4472087455972489,2.071153250965263,6.910558127392617,7.053364420419281,50,164,Female,High,Severe,0
754,3.9498090172874214,5.855242529460323,5.5049150587919415,2.7163318127436966,9.168674116127946,169,149,Other,Medium,None,0
755,13.116352649784144,4.809222671297937,1.7430270340285223,1.9060983307444979,9.19621405027454,29,160,Female,Low,Moderate,0
756,10.68101858299919,5.757459865926201,2.8199296089476196,1.8463245734736922,4.059464172946922,194,112,Male,Medium,Severe,1
757,9.468455287668501,2.9271242635581745,5.340846824376088,3.4210762086359403,8.668277838899195,187,133,Other,Low,Moderate,1
758,14.514496162713407,0.658417192065021,4.246328101605165,4.299576197798217,6.764401601450043,162,162,Male,Low,Moderate,1
759,13.040360957143431,3.2877569338421577,0.3732193569882165,8.309491710550684,9.933043247821978,149,242,Male,Medium,Low,1
760,4.123448316258516,2.7262640073597653,0.883818265673822,1.198910934727121,6.899392455252611,48,251,Male,Medium,Low,0
761,6.364108949137675,5.0661424964376955,0.047049544631500906,7.349258473948942,9.921375672329784,154,52,Other,Low,Moderate,0
762,5.47884795740252,,3.7855307413749806,5.314549141893053,8.52741616723442,54,295,Female,Low,Moderate,1
763,12.415248096017478,2.929446822130669,2.6860405524625097,2.879453426759925,5.491629307679838,148,189,Other,Low,None,1
764,2.469454086300911,0.9002919881639055,0.8056491054136532,4.928195845328246,7.230369875721746,79,159,Male,Low,Severe,0
765,9.978455588198432,,5.747604726340622,2.9994206977702262,9.952813836871496,134,220,Female,High,None,1
766,12.674421600369667,4.424142464326798,3.177958343673719,5.96081955238306,9.145183646511542,160,42,Male,Medium,Low,1
767,14.274718914664492,2.856108776212599,1.451359764677335,4.338439228552442,4.584201362747327,100,243,Female,Low,Low,1
768,6.789144482022705,2.2553297108746158,,1.6440552907887873,8.238231980859975,79,289,Other,Medium,None,1
769,13.49760226540818,2.366857671420212,,1.1658307455569672,6.073477515224878,175,172,Female,Low,Severe,1
770,3.548844317372901,2.75668061043592,0.45743530784138686,5.466956820721301,4.041893571282088,139,104,Other,Medium,Moderate,1
771,13.850332084283254,4.710099263022341,1.648222890287352,,6.4208858141619976,93,128,Male,Medium,None,0
772,3.784841272647754,5.352508133641407,4.841792945303961,3.4395768655768553,5.408526530349828,98,50,Female,Low,Low,0
773,7.562022067845142,5.73200811902357,2.7579892224159677,7.330001072226232,8.913215623122829,88,248,Male,Low,Severe,0
774,13.162135120913751,4.721420317531771,3.2794628521937694,6.586613549397669,6.023983653074593,122,259,Female,Medium,Low,0
775,4.098843982882833,,,9.31554914309481,8.965142163722902,102,160,Other,Medium,Severe,1
776,5.209519533256981,4.128808236519253,0.2633996558580307,8.209810172991409,4.003587633008772,81,175,Female,Medium,Severe,1
777,12.111535957502928,2.6256187443323515,0.9944986789209356,5.66605258905463,5.846914900156715,174,118,Female,High,Severe,0
778,12.08051151164504,1.528023732276307,2.6732498324513454,6.570304982341073,5.446991285846572,58,66,Other,Low,None,0
779,10.976066860394162,5.045229476555535,1.255112792447567,8.983864665840349,5.401404166411666,61,86,Other,High,None,0
780,11.7152782225394,0.23055809377394998,0.2998741719580724,3.995187845869348,4.409119718592776,42,81,Other,High,None,0
781,9.598142206866346,5.410571952812541,5.061897984310942,3.2679470585777737,5.12274562246301,31,128,Female,Low,Severe,0
782,5.525186824697339,,5.887155174984695,0.10811083635196339,7.33329741931372,123,186,Male,Low,Severe,1
783,6.839743909054873,3.8232088608496824,,8.265510741914643,5.748166437026467,142,56,Female,High,Low,1
784,4.542368035219959,3.9561235332346962,5.122709530228002,8.009807004033648,6.504368693974888,27,138,Female,Low,Moderate,0
785,14.718307858670796,5.370706444239218,1.4518627819022722,1.0445451810015138,6.261201282083131,175,105,Male,Medium,None,0
786,10.167485126725687,3.820018093003244,5.763761853079199,5.768573811327002,9.255429549999366,127,71,Other,Medium,Severe,1
787,7.6119198346909585,3.6836015085603706,,4.639816981668874,9.431793994063092,126,110,Female,High,Low,1
788,8.468081251017857,0.3999122433641398,5.708578862170993,,6.95774182993516,46,223,Male,High,Low,1
789,15.261966754565414,3.1104481316712245,5.968915763795707,9.805682270607235,5.980935701893626,73,257,Other,Low,Low,0
790,4.1469196436251226,0.9010140049022499,4.270336834476293,2.1469588746335546,4.640804224014182,147,174,Other,Low,None,1
791,10.207217648235162,4.424602612328913,,0.6723418009056115,9.72041727629257,88,259,Female,High,None,0
792,9.082441504382523,3.073331524876047,3.417238677402622,5.948473795019096,4.361361669401784,179,155,Other,High,Moderate,0
793,10.56035929608507,4.08136667525012,1.557250699056542,7.3886667713303265,5.785901665409683,132,83,Other,Medium,Low,1
794,2.2535425734917673,0.2500374036143056,2.621975313993725,0.32443446047186963,5.788397207020025,185,142,Male,Medium,None,1
795,14.209734725218121,0.5087520962748193,3.5613656122727155,6.587176387270222,5.922407716841289,53,273,Male,Low,Low,1
796,15.049655954770573,4.297940328376093,0.43848937216208994,5.322918759514544,4.985721059634455,91,133,Other,Medium,Severe,0
797,9.911864570248925,0.4325060159920402,3.7340595877034763,1.0326500887504841,8.698968585542183,96,39,Male,Low,Low,1
798,11.753111534276492,0.4275403665915516,5.887067020573767,1.7252387694636206,4.734987171795935,25,35,Other,Low,Moderate,1
799,14.914991336482139,0.0726508514093247,1.1406458987023658,5.679742973160805,7.809439954918977,63,164,Female,Low,None,0
800,11.90134088038758,5.739008389796881,4.7555706977303,2.9635761351328838,4.743076160234905,111,227,Male,Medium,Severe,1
801,4.135546600799659,4.4250501567540415,,9.38315728651316,4.423213825557739,172,38,Other,High,None,1
802,10.068037042335384,2.119508451012385,5.662209556921325,8.187402294840508,9.456577022115258,107,185,Other,High,Severe,0
803,10.494010649359982,1.7792134877259314,5.760813626432683,9.835672065136631,5.140772597912234,165,57,Male,Medium,Low,0
804,7.937829398233404,,3.128757832328832,,8.927500927358226,11,200,Male,High,Low,0
805,12.31021929874612,4.647921187087091,5.863847447949022,9.69723632797977,7.267785226642815,103,124,Female,Low,Moderate,0
806,15.081138206766209,3.968223666422486,4.543861242806633,4.312338697915578,4.467139117652618,150,119,Other,High,Moderate,0
807,14.957959180694868,1.1111734072048076,0.9700286174217714,3.4751879531375462,9.732689148628404,178,109,Female,Medium,Severe,1
808,8.311751199657849,1.044656012004506,,0.5034952696935324,5.481767001951355,68,98,Female,High,Moderate,1
809,3.5853326417705738,,4.309987052232024,0.5276525785960262,9.157872072115639,78,92,Female,Low,Moderate,0
810,15.787776785472683,3.9618163182080286,,6.920112559466547,5.012860034707385,128,195,Male,Low,Moderate,1
811,13.744573210243077,4.586235973330416,3.843691101293324,4.579289944340279,9.123657292851117,101,115,Female,Medium,Moderate,1
812,3.7452775368457356,1.5902785699500241,3.9996028742797156,2.265216260361057,4.079372877431764,190,122,Male,Medium,Low,0
813,14.891786356643212,0.12566976618547687,0.9761984628513953,6.139703063252327,7.070682739416884,54,243,Male,Medium,Moderate,0
814,14.178549068869795,0.4930300048585641,3.3905118747165375,2.528581182501112,8.616655476529342,157,25,Female,Low,Low,0
815,9.263732799765009,5.807160209070183,4.629761465871646,,9.6087731049567,33,141,Female,High,Low,1
816,10.277856100429009,,,3.5920874698269034,9.455212817238923,198,255,Other,High,None,0
817,7.586037854181823,4.615338887028802,0.07261870065664455,8.23552226611819,8.91774921728587,100,135,Female,Medium,Low,1
818,2.7666629435084387,3.747981413125583,0.054230814475753064,8.206961607667793,9.329148097967824,103,182,Other,High,Low,1
819,6.692761383042613,2.291637837917375,2.142176063820073,4.773503981224013,5.195318115022459,67,245,Female,High,Moderate,1
820,13.239948280372161,1.2341235731733307,5.557164410590692,,5.705105774270373,164,249,Female,Medium,Low,1
821,2.06484832206444,0.7283185089564386,1.3720606776216526,3.6255979655909454,5.7338111495263515,163,201,Female,Medium,Severe,0
822,6.6689884036760185,3.6900778082332,3.8061821332301227,8.05714525668218,6.262323586010193,137,268,Female,Low,Moderate,1
823,7.574361710273206,4.647802683826728,1.3324552241599235,3.28179482797612,6.359924022311132,16,229,Other,Low,Moderate,0
824,9.52353844113092,3.863425521246784,1.9300199379572918,2.09059373706846,7.267331947928053,179,163,Other,Low,Moderate,1
825,14.877978629778646,3.18181279949495,5.088252537608904,0.8468834187530683,4.9592785801986485,56,115,Female,Low,None,0
826,6.848843921123457,0.2517073405898176,4.373168653619681,4.666931208844084,8.147479982715936,62,263,Female,High,Moderate,0
827,6.8573448265471875,5.810932665566303,0.5723956638792638,4.821320989198419,5.0053992358270385,196,105,Other,High,Low,0
828,12.325017473536477,4.792285149927448,2.5722121259186017,8.409087104029071,5.861850892627285,47,203,Male,Low,Severe,1
829,8.3310511724573,1.7569322202057884,0.1750185818715868,2.2123869644606398,7.020070783636925,62,140,Male,Low,Moderate,1
830,5.144467521159747,5.879821976153104,2.885340879618054,3.809912736683999,8.778643369140864,152,111,Male,Medium,Moderate,1
831,8.334153225857708,3.6112895378179326,3.9746040702064085,8.084057388936909,8.436815399432364,163,89,Other,High,Severe,0
832,3.971998285317198,3.494535949243479,,8.236236107489734,7.873206138463134,57,152,Other,High,Moderate,1
833,4.469417811087126,4.488439076577192,1.733309633454994,3.846110759787682,4.934639563481021,104,298,Male,Low,None,1
834,8.977148818352717,4.870618728540825,2.3870197530129413,4.591240232866809,7.282272073693466,156,156,Male,High,Low,1
835,7.8649562930636705,3.9388716439890157,5.5171861479362985,3.0328589084928295,4.5246790107993125,146,206,Female,Medium,Severe,0
836,14.807842614953401,0.7685744781972002,5.9595300925377845,9.32554878419312,6.264179060779904,73,240,Other,Medium,Severe,1
837,7.073514587632864,2.0296050359669904,0.26946779397369514,1.186437657415803,6.481099181739755,102,65,Other,High,None,1
838,10.128236903892608,5.568501841956298,4.566047540972352,9.3374942300147,4.238868636674523,191,297,Male,Low,Low,0
839,10.851700030873426,1.3476936710631116,2.2303443984140596,6.838664518353433,5.643928596819831,134,211,Male,High,None,0
840,2.183322392236671,2.2330021430250797,2.35474911737688,5.315721526867312,9.733896803598936,188,27,Other,Medium,Low,0
841,11.289523208233948,2.592461297665176,4.525589840082136,0.32659060784495875,9.721795646978137,48,295,Female,Low,None,0
842,4.49250353617652,2.636429938166713,5.510558592872452,4.755961918220083,6.113962325515236,13,198,Male,High,Moderate,0
843,15.454984444572371,3.6776374949671533,5.705571567015291,4.077481050027323,4.258600653689944,135,58,Other,Low,None,0
844,4.081278188543582,5.658455026468245,3.462735516229925,1.6121881197512256,5.074569635969089,12,197,Other,Low,Severe,1
845,7.804737732178332,1.4441562709950297,2.142726955803017,,6.3533067606012406,73,181,Female,Medium,Severe,1
846,3.194895353101014,0.7290082578055084,,9.711509073682858,9.686678187815378,38,123,Female,Low,Severe,0
847,15.956239525843262,1.184822939159624,1.5060082995738016,5.621888110645251,4.84719438122311,125,180,Male,High,None,1
848,9.030730144637396,5.321549401255617,3.3844441730011066,,8.581095062009274,20,142,Male,Low,Severe,0
849,10.335390242480614,3.874864875931236,2.151470769149239,0.6845045256601678,4.652095236248153,106,73,Male,Low,Severe,1
850,2.9390706834379845,1.7154407354349608,3.9397864422472564,4.176669958169947,9.88754546434766,111,53,Other,High,Moderate,0
851,12.499446585588489,4.895681633811703,1.4423934773610414,,6.28969899465481,195,261,Male,Medium,Moderate,0
852,4.9386783033382,,1.1495576744089546,6.127958355365104,8.651407233394336,164,132,Other,Medium,Low,1
853,14.572760052169993,5.079086032141668,5.509434520052622,9.384821582141546,6.055546496866791,30,42,Male,High,Low,1
854,4.871954966748101,5.513559201837326,0.6108220976972214,6.617777324716386,7.766013262952852,48,65,Female,High,Low,1
855,4.669628089291332,1.5134461210401695,3.03574744640959,,5.15209650844022,111,154,Female,Medium,None,1
856,2.511695349873328,4.5302515724776695,1.3251166977780535,3.5466620498508283,4.8761261157817755,55,137,Other,Low,Low,1
857,8.60893723153999,2.7632369836448403,0.2335797799540047,5.506633794408515,9.628384837408788,75,208,Female,High,None,1
858,9.90777586567663,5.051991317340369,0.21611290974855835,4.032077561332522,9.505883667426602,100,150,Other,Low,None,1
859,2.919920951996933,4.370944062969679,1.051330632634964,8.336440104751723,9.324813641277295,173,231,Other,High,Low,1
860,12.857386633730147,4.658684678998348,5.200622127036001,8.146710047099893,7.752600700999561,120,132,Female,Medium,Low,0
861,8.346043686472386,3.936971026086429,,,8.84960926729767,91,63,Other,Low,None,1
862,9.34146377058612,1.0645726168182412,5.7027550234517745,3.7345794513270523,4.41422162146825,132,147,Female,Low,Moderate,1
863,8.170678457135194,3.27016151338163,3.489733757935161,2.5533637376324414,6.008734251344075,108,177,Male,High,Severe,0
864,7.6106828522545635,5.908018437147049,2.6196851386125966,1.0587431821312931,5.882218748542938,44,292,Male,Low,Severe,0
865,9.83496463831505,5.624328398982714,3.4805330080167276,3.5489768348655404,7.8138719317156795,168,64,Female,High,Severe,0
866,4.1733634430299755,0.25904241478207,3.100190311357607,4.1317251720771955,6.135746640823843,165,127,Female,Medium,Moderate,0
867,4.546993826933796,,4.552657522543951,6.758229251040736,4.891040689862085,112,238,Female,Low,None,1
868,14.064998694189242,0.7903726407273715,1.6949763958371136,6.581598242975735,7.578802452481263,138,196,Female,High,Low,1
869,15.245616469870859,4.3558794599117725,2.118302349601814,,8.886303524014489,34,247,Male,Low,None,0
870,7.226330427916541,4.9067119791416705,5.364565815199504,3.952593154311578,6.292740966759839,52,210,Other,High,None,0
871,5.790425424009753,1.2810681978640315,5.678739078902433,1.8177886721736192,4.7936122905908904,93,179,Other,High,Low,1
872,11.015993605346221,3.035116157710974,5.3553493649188475,1.568127053168057,5.1801291838769385,60,286,Male,High,Moderate,1
873,7.722278395373349,5.0442181680672,2.5166879637438813,8.27302149737246,5.424899831016304,139,209,Other,Medium,Severe,1
874,2.355408979244828,4.3968092685975035,,0.4191521671625753,5.799385557967217,135,194,Male,Low,Severe,1
875,4.186136363126665,3.2534232329510897,,4.191828759021213,7.856770423037855,78,164,Other,Medium,None,0
876,12.023611203863565,3.5420861427526376,2.985239112876613,1.682036557665182,7.605672907226314,18,251,Female,High,Moderate,1
877,11.224935186742119,3.05016328149768,1.2280806543437037,8.79330215678474,8.176479169402235,11,223,Female,High,Severe,0
878,2.379343895048769,1.7852907079129234,3.5467818195510987,5.570405132750351,6.175011907189079,171,232,Female,Medium,Moderate,0
879,5.107610267061292,,,2.3138063637684803,8.94398591127987,197,59,Male,Medium,Low,0
880,5.235047152232999,4.133311812300544,1.9893881944031626,5.024272871663764,5.224525966934562,198,294,Male,Low,None,1
881,11.406498410382198,5.239937495164846,5.130181209719611,7.314863597031158,6.814244485108924,168,101,Other,High,None,0
882,2.2759475285610984,3.8177481238754885,1.2424548552651313,9.581180089194337,8.805632329248581,19,200,Other,Medium,Moderate,1
883,3.4575201477840336,4.566729222258948,0.42694971104059687,,5.080951886395716,123,102,Other,High,Severe,0
884,13.198825195224652,0.960429809727438,0.4140455556768978,8.861817721293452,4.659178682444698,85,281,Male,High,Moderate,1
885,4.499625268760671,2.7693448465187394,5.644707123018647,9.343041141674902,9.302103806127938,173,291,Other,Low,Low,0
886,11.138445509926246,0.055989718962559776,3.0415226277710077,9.164205445320663,6.057577976555176,94,219,Female,Low,Severe,0
887,5.334558934654171,1.4800731871297381,2.45647243090211,,8.103220749454191,58,259,Other,Low,Severe,1
888,3.3921794986308322,4.358770290678029,4.865271486047511,6.298206544347077,4.152091625583631,79,199,Female,Medium,Moderate,1
889,5.404410673992357,5.95085970809618,5.014955567463096,4.032106331838228,8.140281330456698,186,190,Male,High,Low,0
890,12.111737045979229,,1.9931461986936276,7.523978823037879,5.896607869281823,140,196,Female,Medium,Severe,0
891,13.979750553488,,4.161708344842771,5.312940183509319,4.3344451215246504,142,256,Female,Medium,None,1
892,13.623078103937882,4.800425812194957,4.6267368951113195,6.7743807122829445,7.658876569288703,198,157,Female,Low,Low,0
893,7.560569414658367,1.224213807773393,3.927904121195727,4.284579038487955,5.44482289643904,99,148,Male,High,Severe,1
894,11.353191911989047,3.3305096958137175,0.9095704488005962,,6.32084345231128,35,68,Male,High,Moderate,1
895,4.869780135821493,4.398427776178049,,8.24471517604549,4.483484873719082,81,183,Male,Low,Severe,0
896,6.104068223654186,3.695912701561074,3.234567316416052,1.4643625660281612,4.882979506569672,14,296,Male,High,None,1
897,14.548701459295676,1.1281484076924968,1.6948345582200222,8.32929715574228,5.787863412975063,24,135,Other,Low,Low,0
898,2.1820269291503047,2.1323074121144368,2.5513691126261637,5.402965317903073,4.538557003360943,132,43,Male,Medium,Severe,1
899,3.197119431962553,4.702750706912383,0.22542654239344428,8.446659090902243,9.46495758811789,153,44,Female,Medium,None,1
900,4.910407572044383,,0.7672008073345054,4.313017063410146,4.036282259103871,10,146,Male,Low,Severe,0
901,2.3714508542334762,,4.593280503095166,3.79040485383035,6.903161313185868,153,253,Other,Medium,Severe,1
902,4.540096091257162,4.565944560168563,6.980853219684668e-05,9.150607325172224,4.7394847487953085,174,228,Other,Medium,Low,0
903,10.162581853575691,0.21186812964143442,2.499394970893753,2.5116926754840128,5.846074536867691,12,112,Other,Low,Moderate,1
904,7.8999437082949715,4.474402696387393,3.135061086513531,8.442123252861432,9.556357358909594,189,113,Female,Medium,Moderate,1
905,14.497403955077647,,0.32780652000583377,4.840205725094041,4.970167319643921,56,244,Male,High,None,1
906,13.444209864338173,5.748440880716281,5.8384689778339975,5.140954425512597,9.794993918309995,104,299,Male,Medium,None,1
907,6.785442923770264,2.207644507812507,1.3567519874980316,3.0846828148948404,5.23476626193653,22,30,Male,Low,None,0
908,5.6319280680380945,1.9615896980284746,1.8251923178176852,5.730422006190157,8.449396650800978,129,31,Female,High,Low,1
909,7.315693714341736,0.8933283019946681,1.823655073530164,,7.28006358938387,64,54,Female,High,Moderate,1
910,10.264129195207309,1.8336252929412893,1.3824999727040994,0.3926941424165231,9.306872365580555,158,247,Other,Medium,None,1
911,5.752890971520268,5.259904570969203,,2.7199860534435603,7.323959533018786,75,239,Other,High,None,0
912,10.738084709887875,5.978006025763484,4.376068764527978,0.06379043406590679,7.2073553149378515,191,160,Male,Low,Severe,0
913,7.731763130677366,2.2098571830410902,5.801072998795712,9.783547870568567,5.172748002210399,164,42,Female,High,Severe,0
914,9.728660531927723,2.6916637857272554,1.3457608997102704,9.657472098197475,4.997376172309952,175,102,Female,Medium,None,0
915,8.105771407894434,4.332425629216422,3.9782831508205345,3.9515529747230502,9.498934906693085,99,248,Male,Medium,Severe,1
916,6.122520633586848,5.317174682790447,4.451377961752291,7.28370854339646,5.967029193100204,195,99,Male,High,Severe,1
917,15.278346297470193,3.558266005120705,5.090552274543148,3.45806098410425,6.232493529777376,71,178,Other,Low,Severe,1
918,12.69048111823665,2.349154189066976,2.5357751820816548,6.710931570859761,8.55894195057033,111,147,Other,Low,Low,0
919,3.961584460730336,,1.8175854338425754,,6.032940894536845,183,209,Other,Medium,None,0
920,14.15855166257078,4.173708878980841,1.9517708041381867,9.467562446922408,9.712374679834017,148,50,Male,Medium,None,1
921,8.824036775493191,0.01930958162567209,4.275727998591077,4.00212275849672,8.427566613992802,17,34,Male,Low,Severe,1
922,14.52373117651728,3.717536024759044,4.900676799033816,7.832979829560477,7.58457545544052,106,94,Other,High,Low,1
923,13.197973583262414,2.1329580626481444,1.089683806539616,2.659284506321188,9.285370963268516,126,53,Other,High,Severe,0
924,7.9529890625692685,4.765183987662505,2.225646048946591,9.903323037936483,4.297635450096896,73,215,Female,High,Low,1
925,2.3145703164816434,,5.4116411804949,0.2576959876435114,5.542376153135253,30,48,Female,High,None,1
926,5.761483031389245,3.5292136016903433,4.840161118168435,6.035288065011209,6.7902180053254595,124,213,Other,Low,Severe,0
927,9.582879005252137,2.8858373393167422,5.909150416574855,6.595059816513271,5.361871236829126,94,35,Other,Medium,None,0
928,10.868695077566063,3.8539531554313644,4.5254895580924845,,8.463431123812912,29,96,Female,Medium,Low,1
929,5.610427596064832,0.3891215668978101,2.3591712061675336,1.2038757878908901,9.515248186322351,17,100,Other,High,Moderate,0
930,3.950985037019538,3.4799027245687877,3.5438270039678264,9.385297834731304,6.542620719585541,67,143,Female,Low,Low,1
931,13.689023315190187,3.368907527757142,3.966085525483922,1.811832790500828,6.05279560067137,55,38,Female,Low,Moderate,1
932,15.78163052984973,3.363960566497026,0.4707348979027437,6.2275340323984105,9.769304392825397,40,121,Female,High,None,1
933,9.359662552237602,3.620925999578729,3.2669817546231905,2.2267607912308494,6.669114596965245,102,96,Male,High,None,1
934,4.403510001876249,4.058807623358174,4.2559249708356575,3.0721641702127087,6.9342904026957,18,248,Male,High,Severe,0
935,5.812302571271165,4.829933998084618,1.0039278240063623,5.464585417281244,6.109899234051432,24,222,Other,Medium,Moderate,0
936,2.2574694716645345,1.618924320769286,4.683790304553343,4.171934185645765,9.45729083807283,103,80,Female,High,Low,0
937,14.800183291846986,4.950296461080372,3.5026366830846696,1.6022560097650629,7.413732899691104,163,45,Male,Medium,None,1
938,3.648515160461976,2.9895340935807218,5.713330714185568,1.7093640242084829,8.573047523089869,147,90,Other,Low,Moderate,1
939,10.07123065719955,0.462349674805987,0.2545337892413502,4.181447881627997,8.870840310105319,38,122,Other,Low,Low,1
940,5.836773089620884,0.3513055754638752,,7.572829782755007,6.0510942515035495,89,176,Other,Medium,Moderate,0
941,9.758492035221108,2.005429912176365,3.6093232757989444,8.979646468477885,6.60216598792228,45,213,Other,Medium,Low,0
942,11.119885436926099,4.709381862668805,1.7793594732355842,0.8412766225938284,9.090830646437588,93,294,Other,Medium,Low,1
943,13.616385251900823,4.246085608445495,4.2865449844274535,3.9310390755940103,6.179532110054861,118,205,Female,Medium,Low,0
944,4.889897804648445,4.731689788034439,4.554031695131586,1.0024556372287663,8.763610800711108,127,132,Other,High,Low,0
945,2.153941601218727,3.103614338649656,0.6150957843988467,0.16592480632597884,9.645953935446624,46,184,Female,Low,Moderate,0
946,3.916398820963302,2.6411939877329433,3.0831267852406063,6.617186826439566,7.739262238408042,95,80,Male,High,Moderate,0
947,14.600260985873472,,3.0533433335463354,6.024494419665878,8.449763724711334,80,111,Other,Medium,Severe,1
948,14.234461085875214,1.9691565216558693,2.2156846212932466,1.630191138148862,8.830583872246809,160,172,Male,High,Moderate,0
949,10.363783430384316,2.6041161970432514,5.597549175418033,2.3381283309306413,9.070237893379854,178,244,Female,High,Moderate,1
950,10.407236046071148,0.5316025780777034,,0.2370775364451838,6.370320027140776,102,146,Female,Low,Severe,0
951,11.310513443647576,1.3236717162672675,4.183256291457821,,4.307580755055989,89,212,Male,High,Moderate,1
952,4.455197900728294,3.5893517643824326,4.285959814409985,9.746905960485515,6.411257627420437,111,134,Other,Low,Low,1
953,14.801767242949436,4.413978685435139,2.7702968628787144,1.354595367946908,8.042537378704539,165,281,Other,Medium,None,0
954,7.862787348489023,5.990085068357698,5.525967126579455,2.314752137652981,6.7021023146847565,185,37,Male,High,None,1
955,7.363939395492965,5.598679988061346,4.1675725635197125,8.68409523946934,8.49377890516239,175,29,Male,Medium,Severe,1
956,9.264847873959726,3.855391197211149,4.373886369934898,9.264637979561849,6.141894576811984,168,111,Male,Low,Moderate,0
957,2.6575235348507706,2.527488319764432,5.1701454227240715,4.196273828068104,7.808464846624178,23,158,Other,Medium,Moderate,1
958,4.327967162585112,3.8170641882493963,1.644429536053146,0.5062247226907413,5.118518829123848,126,71,Other,Medium,Severe,0
959,12.332470629969187,4.713909708481392,4.842425423200218,0.393918336928194,8.496216619869742,82,214,Other,Low,None,1
960,3.1591813509517706,0.7100171455403239,1.1714436177389522,,7.2741758128781555,100,225,Male,Medium,Low,0
961,10.444129532529434,2.4594293381777295,2.0720517134693273,3.9289510889317905,5.224386331279604,99,112,Other,Medium,Moderate,0
962,5.434887535538493,5.0388137138137035,2.0136627256190565,0.28652427577654516,5.751467040986844,38,164,Female,Medium,Severe,0
963,7.450138596587672,2.3029977115982643,5.871152810334843,5.832523923125567,8.491652251490994,188,105,Male,High,Low,0
964,6.041712314789798,3.4312336273631194,5.139223342487561,0.11302536589022472,6.895607413969124,58,172,Other,Medium,Severe,0
965,6.979418030509288,3.5266161651731895,4.207019169541558,7.87371958149273,5.296188642358433,180,21,Male,Low,Severe,1
966,12.066642672579437,1.1068575188018361,4.362340569692341,3.064328227033716,9.803627142221785,81,279,Female,High,Severe,1
967,6.15970401872445,2.1734126499137303,3.3724367664154267,0.402580030092321,8.290750118901327,142,183,Female,High,None,0
968,9.929664964156562,2.007067732451593,,5.883522209831533,9.742808995238777,51,25,Male,Low,None,1
969,8.664705630787395,0.15718025119238876,2.9775525172941695,3.976844144330547,6.5626302721620595,144,168,Male,Medium,Severe,1
970,11.291396315077074,0.14515058334813147,,9.738004133571495,6.850602044150323,51,224,Female,High,Moderate,1
971,15.115616350546611,4.990182262054641,0.978212021589546,5.441986625037022,9.387731297110115,173,137,Male,High,Low,0
972,12.256009360943505,1.6384248598368745,4.717233913566348,2.752391810370083,7.150296041472307,114,108,Female,High,Moderate,0
973,5.0091653002705945,3.1084725974328924,4.406663592453548,7.094388646339747,8.243673471434004,36,173,Female,Medium,None,1
974,2.436563890857985,1.7923534415326383,2.3061302311448095,2.714920025427113,5.51303726497318,67,186,Other,High,Low,0
975,5.671696620197551,5.644075470692043,0.15116048375537616,9.04243291407565,6.680358812215843,55,180,Male,Low,Severe,0
976,10.331091029803568,1.5557805531946425,,3.747219705073764,4.740699194862131,75,289,Male,Medium,Moderate,1
977,2.719961388779505,2.5779408764336105,0.0685079007244418,5.498685627762052,5.23588021526177,34,75,Other,Low,Moderate,0
978,8.949127460817309,5.236381502907611,4.222198677774306,0.5057310382422886,4.005660491605786,82,247,Female,Low,Severe,0
979,10.355799884836449,5.051601400750852,5.821542658356343,4.261212379522307,4.235590309891961,126,168,Male,High,Moderate,0
980,6.679414471437451,1.116608507077664,2.6259679688892206,8.32363539660995,9.863702939061575,164,65,Other,High,None,0
981,12.792770852441507,4.815859858774262,1.4098404299757166,8.05648805363342,5.454122170820574,138,163,Other,High,Severe,0
982,3.4923755438728055,,4.22922606026029,2.2431855885352627,7.979864257024012,96,257,Male,Low,Moderate,1
983,3.0519289443013227,2.8978132325121315,4.90276885209351,2.260790710105627,9.03459819279767,83,291,Other,Medium,Severe,0
984,12.194642586850447,0.8008798344956627,3.2785818964670836,8.173053122132368,7.303962755419386,179,139,Female,High,Low,0
985,8.936878426886778,0.4836090825427479,5.802211651536878,9.303984201693256,4.918867000503737,189,239,Other,High,Severe,1
986,11.637633549988305,,0.3100123299477666,0.9536092127300355,8.368698624016998,162,27,Female,Low,Moderate,1
987,8.087582740452447,2.9787669141317985,3.0287735898271686,4.500586394262252,7.601508460597499,191,294,Female,Medium,None,0
988,5.449628465347495,2.6211042156910773,4.310723683935301,3.3745427896422897,8.38750353608425,134,85,Male,Low,Severe,1
989,13.467432447438796,4.377049371914381,5.175842826895074,8.706884554574394,8.618479737142522,76,98,Other,High,Severe,0
990,13.19182230556571,4.5930773939466585,1.0755336714467403,,9.85246220610847,15,105,Female,Low,Moderate,1
991,11.725750591961974,0.9534490060161214,,2.111259425580374,7.44137968016026,134,143,Female,High,None,0
992,5.810031921219478,3.661350896865848,,7.524683375864943,6.049846676143611,67,221,Other,Medium,None,1
993,10.26322933616722,0.8121244936661132,2.3793220919397795,0.5129384898121558,7.890787341401422,79,169,Female,Low,Low,0
994,7.053634557160375,4.508250516174274,0.7902901714745614,4.925353807142892,4.410644255455757,62,65,Other,High,Low,1
995,3.282149026572878,3.941730937602837,,4.4210703467972,9.384383909929518,75,132,Male,High,Moderate,0
996,14.842390056471398,5.7396877265007475,0.9436392490782921,3.3440117898874866,4.716286068029181,67,110,Female,High,None,0
997,3.9154608328654597,0.4137480981385271,1.8587271552545954,3.945723153189238,5.96705702731491,91,160,Female,High,None,0
998,15.303322953491234,0.3423283269075259,1.7402731917746213,5.29940586930233,8.894472283756725,96,237,Other,Low,Low,1
999,8.24408082141138,1.6931224481592009,5.228484205145126,1.6136735838838312,7.583874269984271,11,96,Other,High,Low,1
